alert_id,batch_id,monitoring_reference,alert_type,severity,timestamp,sensor_id,detection_method,is_synthetic,observed_value,threshold_value
ALERT-00001,MED-2026-001,,TEMPERATURE_EXCURSION,WARNING,2026-06-05T18:08:43.985416,IOT-MPU6050-001,AUTO_GENERATED_FROM_SENSOR,True,35.8,32.0
ALERT-00002,MED-2026-001,,HUMIDITY_EXCURSION,WARNING,2026-06-05T19:08:43.985416,IOT-MPU6050-001,AUTO_GENERATED_FROM_SENSOR,True,84.5,80.0
ALERT-00003,MED-2026-001,,LIGHT_EXPOSURE,WARNING,2026-06-05T20:08:43.985416,IOT-HX711-001,AUTO_GENERATED_FROM_SENSOR,True,1850.0,1000.0
ALERT-00004,MED-2026-001,,UNAUTHORIZED_OPENING,CRITICAL,2026-06-05T21:08:43.985416,IOT-HX711-001,AUTO_GENERATED_FROM_SENSOR,True,1.0,0.0
ALERT-00005,MED-2026-001,,SHOCK,CRITICAL,2026-06-05T22:08:43.985416,IOT-HX711-001,AUTO_GENERATED_FROM_SENSOR,True,2.8,2.0
ALERT-00006,MED-2026-001,,WEIGHT_CHANGE,CRITICAL,2026-06-05T23:38:43.985416,IOT-DHT22-001,AUTO_GENERATED_FROM_SENSOR,True,-0.82,0.5
ALERT-00007,MED-2026-006,,HUMIDITY_EXCURSION,WARNING,2026-06-18T16:15:58.498428,IOT-LIMIT-001,AUTO_GENERATED_FROM_SENSOR,True,84.36,80.0
ALERT-00008,MED-2026-010,,HUMIDITY_EXCURSION,WARNING,2026-06-30T14:31:03.486463,IOT-MPU6050-001,AUTO_GENERATED_FROM_SENSOR,True,81.59,80.0
ALERT-00009,MED-2026-011,,HUMIDITY_EXCURSION,WARNING,2026-06-30T14:20:41.492268,IOT-BH1750-001,AUTO_GENERATED_FROM_SENSOR,True,82.89,80.0
ALERT-00010,MED-2026-011,,HUMIDITY_EXCURSION,WARNING,2026-07-03T02:20:41.492268,IOT-BH1750-001,AUTO_GENERATED_FROM_SENSOR,True,80.04,80.0
ALERT-00011,MED-2026-014,,TEMPERATURE_EXCURSION,WARNING,2026-07-04T13:34:43.445825,IOT-LIMIT-001,AUTO_GENERATED_FROM_SENSOR,True,32.75,32.0
ALERT-00012,MED-2026-014,,TEMPERATURE_EXCURSION,WARNING,2026-07-05T23:04:43.445825,IOT-GPS-001,AUTO_GENERATED_FROM_SENSOR,True,33.35,32.0
ALERT-00013,MED-2026-020,,TEMPERATURE_EXCURSION,WARNING,2026-07-17T13:57:12.284949,IOT-DHT22-001,AUTO_GENERATED_FROM_SENSOR,True,32.82,32.0
ALERT-00014,MED-2026-021,,HUMIDITY_EXCURSION,WARNING,2026-08-25T01:21:55.603877,IOT-HX711-001,AUTO_GENERATED_FROM_SENSOR,True,81.12,80.0
ALERT-00015,MED-2026-030,,TEMPERATURE_EXCURSION,WARNING,2026-07-09T09:18:43.585363,IOT-DHT22-001,AUTO_GENERATED_FROM_SENSOR,True,32.8,32.0
ALERT-00016,MED-2026-032,,HUMIDITY_EXCURSION,WARNING,2026-07-16T07:17:10.292620,IOT-BH1750-001,AUTO_GENERATED_FROM_SENSOR,True,80.18,80.0
ALERT-00017,MED-2026-035,,HUMIDITY_EXCURSION,WARNING,2026-07-27T23:37:25.911683,IOT-GPS-001,AUTO_GENERATED_FROM_SENSOR,True,80.18,80.0
ALERT-00018,MED-2026-037,,HUMIDITY_EXCURSION,WARNING,2026-08-03T03:55:44.027539,IOT-HX711-001,AUTO_GENERATED_FROM_SENSOR,True,80.14,80.0
ALERT-00019,MED-2026-039,,HUMIDITY_EXCURSION,WARNING,2026-08-08T21:39:17.854428,IOT-GPS-001,AUTO_GENERATED_FROM_SENSOR,True,80.72,80.0
ALERT-00020,MED-2026-041,,HUMIDITY_EXCURSION,WARNING,2026-08-22T15:56:45.522554,IOT-GPS-001,AUTO_GENERATED_FROM_SENSOR,True,81.23,80.0
ALERT-00021,MED-2026-042,,HUMIDITY_EXCURSION,WARNING,2026-08-26T14:52:46.679607,IOT-HX711-001,AUTO_GENERATED_FROM_SENSOR,True,84.07,80.0
ALERT-00022,MED-2026-042,,HUMIDITY_EXCURSION,WARNING,2026-08-27T05:52:46.679607,IOT-GPS-001,AUTO_GENERATED_FROM_SENSOR,True,81.06,80.0
ALERT-00023,MED-2026-027,TRN-LM-0028,HUMIDITY_EXCURSION,WARNING,2026-07-19T03:18:05.249896,IOT-DHT22-001,AUTO_GENERATED_FROM_SENSOR,True,80.97,80.0
ALERT-00024,MED-2026-027,TRN-LM-0028,TEMPERATURE_EXCURSION,WARNING,2026-07-19T04:20:26.624993,IOT-MPU6050-001,AUTO_GENERATED_FROM_SENSOR,True,32.03,32.0
ALERT-00025,MED-2026-030,TRN-LM-0032,HUMIDITY_EXCURSION,WARNING,2026-07-05T01:05:12.778205,IOT-LIMIT-001,AUTO_GENERATED_FROM_SENSOR,True,85.24,80.0
ALERT-00026,MED-2026-003,STR-0003,TEMPERATURE_EXCURSION,WARNING,2026-06-10T19:15:12.535070,IOT-LIMIT-001,AUTO_GENERATED_FROM_SENSOR,True,34.9,32.0
ALERT-00027,MED-2026-003,STR-0003,HUMIDITY_EXCURSION,WARNING,2026-06-10T19:15:12.535070,IOT-LIMIT-001,AUTO_GENERATED_FROM_SENSOR,True,82.4,80.0
ALERT-00028,MED-2026-005,STR-0005,UNAUTHORIZED_OPENING,CRITICAL,2026-06-15T13:02:33.136547,IOT-LIMIT-001,AUTO_GENERATED_FROM_SENSOR,True,1.0,0.0
ALERT-00029,MED-2026-007,STR-0007,WEIGHT_CHANGE,CRITICAL,2026-06-19T12:56:56.842210,IOT-DHT22-001,AUTO_GENERATED_FROM_SENSOR,True,-0.78,0.5
