blockchain_event_id,event_id,batch_id,batch_type,event_type,transaction_id,blockchain_timestamp,data_hash,is_synthetic
BC-2026-00001,EVT-ASH-2026-001,ASH-2026-001,RAW,BATCH_CREATED,TX-488d013b8b512790,2026-06-01T11:00:00,488d013b8b5127902107360d7de5853015114d7e79fe7ad85795a6d17e297ad4,TRUE
BC-2026-00002,EVT-ASH-2026-002,ASH-2026-002,RAW,BATCH_CREATED,TX-01ad499e634289ae,2026-06-02T18:48:00,01ad499e634289aeafe213f8a91aa5d95402833000344fcc6c8998b6aff3c633,TRUE
BC-2026-00003,EVT-ASH-2026-003,ASH-2026-003,RAW,BATCH_CREATED,TX-5753304080f9e08d,2026-06-04T02:36:00,5753304080f9e08d71947bb7be29691f49f4b59943a000f365bdbf97ed822cbd,TRUE
BC-2026-00004,EVT-ASH-2026-004,ASH-2026-004,RAW,BATCH_CREATED,TX-3abbcab958626c98,2026-06-05T10:24:00,3abbcab958626c98d80db763714c0aaba86fcda473a199c276855a08042962f0,TRUE
BC-2026-00005,EVT-ASH-2026-005,ASH-2026-005,RAW,BATCH_CREATED,TX-850ccf4836e6566f,2026-06-06T18:12:00,850ccf4836e6566fc5441a0ba7f40c4611d86fb86e5626778e7b1e352d708631,TRUE
BC-2026-00006,EVT-ASH-2026-006,ASH-2026-006,RAW,BATCH_CREATED,TX-5b13f60859f0e456,2026-06-07T08:00:00,5b13f60859f0e4568711758299d3f10dce23c4f5c80b3a151e41867515f2d52e,TRUE
BC-2026-00007,EVT-ASH-2026-007,ASH-2026-007,RAW,BATCH_CREATED,TX-92dec4994903f85a,2026-06-08T15:48:00,92dec4994903f85a2d3289e4afdf92eb14ac8a17ae31ee093abcb6f87af55295,TRUE
BC-2026-00008,EVT-ASH-2026-008,ASH-2026-008,RAW,BATCH_CREATED,TX-2477c93cc6225731,2026-06-09T23:36:00,2477c93cc62257310b3ea606dd9457df546dcd8ffadc6a6a3b060306ae47a4ae,TRUE
BC-2026-00009,EVT-ASH-2026-009,ASH-2026-009,RAW,BATCH_CREATED,TX-31962e89bfea7b53,2026-06-11T07:24:00,31962e89bfea7b53597a0b50bbc05a7de7c2f9ee82ddce8fbcc51821258f50d8,TRUE
BC-2026-00010,EVT-ASH-2026-010,ASH-2026-010,RAW,BATCH_CREATED,TX-5b715a5d1ad85d47,2026-06-12T15:12:00,5b715a5d1ad85d4788dcad0e0c7c4638856b9b3aaa02ad339b86285bceb7818e,TRUE
BC-2026-00011,EVT-ASH-2026-011,ASH-2026-011,RAW,BATCH_CREATED,TX-ca4d8dc804eda756,2026-06-13T23:00:00,ca4d8dc804eda75693161c96dea07c2ba0d608143f0fc0291594f531f86728b3,TRUE
BC-2026-00012,EVT-ASH-2026-012,ASH-2026-012,RAW,BATCH_CREATED,TX-a75cb59215e13362,2026-06-14T12:48:00,a75cb59215e13362cbabed02cf293eee7df107920518842b36b6625bbaad6a80,TRUE
BC-2026-00013,EVT-ASH-2026-013,ASH-2026-013,RAW,BATCH_CREATED,TX-278a9d9c19dfbc4d,2026-06-15T20:36:00,278a9d9c19dfbc4d0f472cbf109d659b8c4fee020ff7afe2a62ad943752ad8f7,TRUE
BC-2026-00014,EVT-ASH-2026-014,ASH-2026-014,RAW,BATCH_CREATED,TX-185622610582608a,2026-06-17T04:24:00,185622610582608aee386ba1a0b68a91be4807921e4c508a09454feadb425950,TRUE
BC-2026-00015,EVT-ASH-2026-015,ASH-2026-015,RAW,BATCH_CREATED,TX-a85fce680b19bc58,2026-06-18T12:12:00,a85fce680b19bc58c9d061c6ad4a0369e3d200adf15a353939279db055e0dfe2,TRUE
BC-2026-00016,EVT-ASH-2026-016,ASH-2026-016,RAW,BATCH_CREATED,TX-ed6748d69812ce1b,2026-06-19T20:00:00,ed6748d69812ce1b509781dce5e81b4607e469ff19cb51a7e015dc12b20e192d,TRUE
BC-2026-00017,EVT-ASH-2026-017,ASH-2026-017,RAW,BATCH_CREATED,TX-5e990b90187e55f4,2026-06-21T03:48:00,5e990b90187e55f434c5cd272d1dbacd3cc132f8c24609eb3a2569ebc310bb73,TRUE
BC-2026-00018,EVT-ASH-2026-018,ASH-2026-018,RAW,BATCH_CREATED,TX-5ec22e332072d734,2026-06-21T17:36:00,5ec22e332072d734ab28c075a4f6d9835454c0ce396e3055ca6a55b7c34a562c,TRUE
BC-2026-00019,EVT-ASH-2026-019,ASH-2026-019,RAW,BATCH_CREATED,TX-94f9b0eeed79c7f3,2026-06-23T01:24:00,94f9b0eeed79c7f34274fe6f887ea9cd066f26faf1294332b464821479017007,TRUE
BC-2026-00020,EVT-ASH-2026-020,ASH-2026-020,RAW,BATCH_CREATED,TX-a8729d7d20ddf9be,2026-06-24T09:12:00,a8729d7d20ddf9be0fa2704984998a800b9441f8e25fb566da8a598c54e5d194,TRUE
BC-2026-00021,EVT-ASH-2026-021,ASH-2026-021,RAW,BATCH_CREATED,TX-d29a72aeb0349107,2026-06-25T17:00:00,d29a72aeb0349107684e1c301610b58d23009413b23c8eb7fe6a67e19ad7cc2e,TRUE
BC-2026-00022,EVT-ASH-2026-022,ASH-2026-022,RAW,BATCH_CREATED,TX-6e9f1efe5f81f799,2026-06-27T00:48:00,6e9f1efe5f81f7990ed9379cd83e43903853e3ba78bf7e54ee84ca6ad567362d,TRUE
BC-2026-00023,EVT-ASH-2026-023,ASH-2026-023,RAW,BATCH_CREATED,TX-24eeed413717bd95,2026-06-28T08:36:00,24eeed413717bd958547b9ec71db040ef40952dd36ccfc3b649d73e288fc3221,TRUE
BC-2026-00024,EVT-ASH-2026-024,ASH-2026-024,RAW,BATCH_CREATED,TX-de067e0dca742529,2026-06-28T22:24:00,de067e0dca7425294cc103089c4b34178a4ea7208309c76e10f872153fab54f7,TRUE
BC-2026-00025,EVT-ASH-2026-025,ASH-2026-025,RAW,BATCH_CREATED,TX-d1413b5a41171882,2026-06-30T06:12:00,d1413b5a4117188294f5c5a26f5276b0e61fce092e286ebcd8e6adfad87ed11f,TRUE
BC-2026-00026,EVT-ASH-2026-026,ASH-2026-026,RAW,BATCH_CREATED,TX-94b3143bec0cef11,2026-07-01T14:00:00,94b3143bec0cef11b640cc8a17ab863b63e0827b42d262e33f2859d77c4320e5,TRUE
BC-2026-00027,EVT-ASH-2026-027,ASH-2026-027,RAW,BATCH_CREATED,TX-5f31386b7dbd746d,2026-07-02T21:48:00,5f31386b7dbd746d3632a8454204ae4f60f10a0ec94a30d3ae00beff239deae6,TRUE
BC-2026-00028,EVT-ASH-2026-028,ASH-2026-028,RAW,BATCH_CREATED,TX-e6763cea7eff1fab,2026-07-04T05:36:00,e6763cea7eff1fab9b95bde08b0f87c21e7ffe57cbf8f035a9e23771114d8c1d,TRUE
BC-2026-00029,EVT-ASH-2026-029,ASH-2026-029,RAW,BATCH_CREATED,TX-159c4c612dbeb560,2026-07-05T13:24:00,159c4c612dbeb560dfae048a85e950e684c6b7237eb5e4dc34ed52306d4162dc,TRUE
BC-2026-00030,EVT-ASH-2026-030,ASH-2026-030,RAW,BATCH_CREATED,TX-1eec9e8fb7b638da,2026-07-06T03:12:00,1eec9e8fb7b638dab831a9d0b5ae872b8c12c450a71f88d541644a2489f50c70,TRUE
BC-2026-00031,EVT-ASH-2026-031,ASH-2026-031,RAW,BATCH_CREATED,TX-883606433439edf7,2026-07-07T11:00:00,883606433439edf7baf301c4efa81a6c87825594c39f336dfe785f9c99ffd924,TRUE
BC-2026-00032,EVT-ASH-2026-032,ASH-2026-032,RAW,BATCH_CREATED,TX-9c37b292b5192b8a,2026-07-08T18:48:00,9c37b292b5192b8a10a145eee7434e57f27c41e3eebc56e3a63705fadb7dd189,TRUE
BC-2026-00033,EVT-ASH-2026-033,ASH-2026-033,RAW,BATCH_CREATED,TX-81c064d6501b5f3a,2026-07-10T02:36:00,81c064d6501b5f3a4878992fb098bdb68b655c650ce9d1cb6278f78814b9b11a,TRUE
BC-2026-00034,EVT-ASH-2026-034,ASH-2026-034,RAW,BATCH_CREATED,TX-996af25014c0a2ce,2026-07-11T10:24:00,996af25014c0a2ce7fe8b267d71db96bbad1ad1d12431689c06419f861f1545e,TRUE
BC-2026-00035,EVT-ASH-2026-035,ASH-2026-035,RAW,BATCH_CREATED,TX-569044a0caaee5f7,2026-07-12T18:12:00,569044a0caaee5f73362dd9ac16ec19fcbd6d6af67271cf388a1267e799fb592,TRUE
BC-2026-00036,EVT-ASH-2026-036,ASH-2026-036,RAW,BATCH_CREATED,TX-140847333710022d,2026-07-13T08:00:00,140847333710022dc798921c19f09c20d6aff1d3e9a1f40e4ac55cab7839b850,TRUE
BC-2026-00037,EVT-ASH-2026-037,ASH-2026-037,RAW,BATCH_CREATED,TX-7627bda777c71543,2026-07-14T15:48:00,7627bda777c715437a46e389b2fb151774f4771e6aeef1b9b368e9b0c69acdc4,TRUE
BC-2026-00038,EVT-ASH-2026-038,ASH-2026-038,RAW,BATCH_CREATED,TX-fcff92c52bec3fbf,2026-07-15T23:36:00,fcff92c52bec3fbf085822abfc75ec51af981b92e832e079a6aaf2f3c2a0adf4,TRUE
BC-2026-00039,EVT-ASH-2026-039,ASH-2026-039,RAW,BATCH_CREATED,TX-a80ceb641f963677,2026-07-17T07:24:00,a80ceb641f9636777bb59bdabf09b8d83b05175043735630a8b6a67b9e5ef9f0,TRUE
BC-2026-00040,EVT-ASH-2026-040,ASH-2026-040,RAW,BATCH_CREATED,TX-f1639d61620cc500,2026-07-18T15:12:00,f1639d61620cc5008a7015b490e3b787f41a8d783d8499e0785977d8dc281827,TRUE
BC-2026-00041,EVT-ASH-2026-041,ASH-2026-041,RAW,BATCH_CREATED,TX-641bcbbf3c682b2b,2026-07-19T23:00:00,641bcbbf3c682b2bca111cc9791aacbe63564125ae60d4c86efc17421b8628d9,TRUE
BC-2026-00042,EVT-ASH-2026-042,ASH-2026-042,RAW,BATCH_CREATED,TX-56f291088357bd95,2026-07-20T12:48:00,56f291088357bd95597eb55e5889f648c7f9f8817cd8b7a702b910b064256aa9,TRUE
BC-2026-00043,EVT-ASH-2026-043,ASH-2026-043,RAW,BATCH_CREATED,TX-6e066c08900bc72d,2026-07-21T20:36:00,6e066c08900bc72d84da843bbbf589ee3eb4e89fde4cafca9c22df62a07731c3,TRUE
BC-2026-00044,EVT-ASH-2026-044,ASH-2026-044,RAW,BATCH_CREATED,TX-36ced71da0a5b2cd,2026-07-23T04:24:00,36ced71da0a5b2cd0493a7e5f9f491f3d154b7c4c5cbca190e27049315b136c5,TRUE
BC-2026-00045,EVT-ASH-2026-045,ASH-2026-045,RAW,BATCH_CREATED,TX-0b581c1bc030f7b7,2026-07-24T12:12:00,0b581c1bc030f7b748bb38a5f92f65f5f599b7f0b70a39bd6e59673cfaad173d,TRUE
BC-2026-00046,EVT-ASH-2026-046,ASH-2026-046,RAW,BATCH_CREATED,TX-5dd31bd2415f0042,2026-07-25T20:00:00,5dd31bd2415f004272c69d80e34b7598df40fdbabc78a19aef7baeeccfb160b1,TRUE
BC-2026-00047,EVT-ASH-2026-047,ASH-2026-047,RAW,BATCH_CREATED,TX-9360dd351ad91f54,2026-07-27T03:48:00,9360dd351ad91f54ea910e4aeae57d1acfac82c4b9c31657ed3ffb5e6db69838,TRUE
BC-2026-00048,EVT-ASH-2026-048,ASH-2026-048,RAW,BATCH_CREATED,TX-27e65cb81a2da64d,2026-07-27T17:36:00,27e65cb81a2da64d0e13a0921282f702de582931db529b6c92f6c0fe4c4f53df,TRUE
BC-2026-00049,EVT-ASH-2026-049,ASH-2026-049,RAW,BATCH_CREATED,TX-b43df7dc04f21447,2026-07-29T01:24:00,b43df7dc04f21447daeb13f83ba44c7e92beeef7fc83442a65bebac751ad33e9,TRUE
BC-2026-00050,EVT-ASH-2026-050,ASH-2026-050,RAW,BATCH_CREATED,TX-d533072c6ffd9a41,2026-07-30T09:12:00,d533072c6ffd9a4153cc02a7bbba2057775019ed3965400f66c7b4a55ae2f9a1,TRUE
BC-2026-00051,EVT-ASH-2026-051,ASH-2026-051,RAW,BATCH_CREATED,TX-af0f61f3756cd606,2026-07-31T17:00:00,af0f61f3756cd606c90e858904a10c2b49f526a7531cc8ae33b1b600c7ffa0e1,TRUE
BC-2026-00052,EVT-ASH-2026-052,ASH-2026-052,RAW,BATCH_CREATED,TX-57b791d97d807318,2026-08-02T00:48:00,57b791d97d8073184d40491f0b9c4cf40efeffcff6364401eef3103d7191e445,TRUE
BC-2026-00053,EVT-ASH-2026-053,ASH-2026-053,RAW,BATCH_CREATED,TX-cee30e488adb6e20,2026-08-03T08:36:00,cee30e488adb6e20adbf75ab206ad656b9018ba7e637a6efb682b29c536e22f6,TRUE
BC-2026-00054,EVT-ASH-2026-054,ASH-2026-054,RAW,BATCH_CREATED,TX-f82526830b463de0,2026-08-03T22:24:00,f82526830b463de010b329c233db5d530cb9f2cfa0135b79e3594144af634193,TRUE
BC-2026-00055,EVT-ASH-2026-055,ASH-2026-055,RAW,BATCH_CREATED,TX-4919009b786e4da8,2026-08-05T06:12:00,4919009b786e4da84ada115d3b7af354df60f8dca0c441b467fea95146531848,TRUE
BC-2026-00056,EVT-ASH-2026-056,ASH-2026-056,RAW,BATCH_CREATED,TX-fe577357000b58d2,2026-08-06T14:00:00,fe577357000b58d245e19fbe30ab38bb74792ac5dfa6e426c21bf10f2b417dc1,TRUE
BC-2026-00057,EVT-ASH-2026-057,ASH-2026-057,RAW,BATCH_CREATED,TX-567d79aa29e9a13b,2026-08-07T21:48:00,567d79aa29e9a13bbb8cbb196ac9424544f1f3a9cf4b861f75943bba25557926,TRUE
BC-2026-00058,EVT-ASH-2026-058,ASH-2026-058,RAW,BATCH_CREATED,TX-04d367860aa4e1b2,2026-08-09T05:36:00,04d367860aa4e1b2c58afba1bfa767e903a81274960b93a22e136e4ba958a1a8,TRUE
BC-2026-00059,EVT-ASH-2026-059,ASH-2026-059,RAW,BATCH_CREATED,TX-32c5c46ada42c3ff,2026-08-10T13:24:00,32c5c46ada42c3ffacb5528b3230439b70070fd8b2424a4a381be23ca2d1689c,TRUE
BC-2026-00060,EVT-ASH-2026-060,ASH-2026-060,RAW,BATCH_CREATED,TX-a25fd892ef02d28c,2026-08-11T03:12:00,a25fd892ef02d28c01a5c32edfe93cc66d143dcb1b72231584f1071eb7141605,TRUE
BC-2026-00061,EVT-ASH-2026-061,ASH-2026-061,RAW,BATCH_CREATED,TX-a062d353e63d52fd,2026-08-12T11:00:00,a062d353e63d52fdfe4e72fb33707420f07dba0fc597044cbe031aaa89885a72,TRUE
BC-2026-00062,EVT-ASH-2026-062,ASH-2026-062,RAW,BATCH_CREATED,TX-8a11fbcef9a94b78,2026-08-13T18:48:00,8a11fbcef9a94b784c054f182be95e3e28a99867a1e69a898fcea898f6c98225,TRUE
BC-2026-00063,EVT-ASH-2026-063,ASH-2026-063,RAW,BATCH_CREATED,TX-88b1633337443d21,2026-08-15T02:36:00,88b1633337443d21d2f8b5f98329e99612b81d67fb4053f1635dafaf8d658c59,TRUE
BC-2026-00064,EVT-ASH-2026-064,ASH-2026-064,RAW,BATCH_CREATED,TX-cca230582f186da9,2026-08-16T10:24:00,cca230582f186da9f1f9c009ea00e4991524ec3816ad255a9aad0a9bf5287f95,TRUE
BC-2026-00065,EVT-ASH-2026-065,ASH-2026-065,RAW,BATCH_CREATED,TX-d077bcc8729184af,2026-08-17T18:12:00,d077bcc8729184afada5ed2437dad8592bc336b0a680ef9d536e474456f72fcd,TRUE
BC-2026-00066,EVT-ASH-2026-066,ASH-2026-066,RAW,BATCH_CREATED,TX-b6e043a7b561ff8a,2026-08-18T08:00:00,b6e043a7b561ff8a4c690b22be05337ceb6c5d562d7dd353e37384bf1bc02ce7,TRUE
BC-2026-00067,EVT-ASH-2026-067,ASH-2026-067,RAW,BATCH_CREATED,TX-7590fa66afbbf378,2026-08-19T15:48:00,7590fa66afbbf378d0f607b51ba734192f8334dc2abe37e91b316d8cd345853a,TRUE
BC-2026-00068,EVT-ASH-2026-068,ASH-2026-068,RAW,BATCH_CREATED,TX-74eb9dc4fed276b9,2026-08-20T23:36:00,74eb9dc4fed276b9d2a26fcf0c74e246d1d3c42b57b84aab68db776cba363c40,TRUE
BC-2026-00069,EVT-ASH-2026-069,ASH-2026-069,RAW,BATCH_CREATED,TX-8656ae81541ece1a,2026-08-22T07:24:00,8656ae81541ece1a25a62fb610d33358e68ea569f219f5debbb1e7877512b60c,TRUE
BC-2026-00070,EVT-ASH-2026-070,ASH-2026-070,RAW,BATCH_CREATED,TX-fe47b2a44a326390,2026-08-23T15:12:00,fe47b2a44a32639032f13d96731af395166cc262d6af59eb081b99acd294036e,TRUE
BC-2026-00071,EVT-TRN-RAW-0001,ASH-2026-001,RAW,SHIPMENT_MILESTONE,TX-7d1cc6229cd155c5,2026-06-01T21:18:27.517480,7d1cc6229cd155c529a32525d756bbd5c857cb50076a32ca32ca339c8e990112,TRUE
BC-2026-00072,EVT-TRN-RAW-0002,ASH-2026-002,RAW,SHIPMENT_MILESTONE,TX-14a49c7ddfff2482,2026-06-03T10:28:16.964326,14a49c7ddfff2482b94293dfedb11ff2b961829a302f82946342e5d6975059fe,TRUE
BC-2026-00073,EVT-TRN-RAW-0003,ASH-2026-003,RAW,SHIPMENT_MILESTONE,TX-5a9a431009430c24,2026-06-04T09:15:02.388205,5a9a431009430c24890654d71d62c15e022bd7239a68c69b23755ad655debf34,TRUE
BC-2026-00074,EVT-TRN-RAW-0004,ASH-2026-004,RAW,SHIPMENT_MILESTONE,TX-4b3ca2a8b2bebd72,2026-06-06T00:12:00.795638,4b3ca2a8b2bebd722226d8db9ee8ddcafe1c44b8786a5b76874a6bc91393b233,TRUE
BC-2026-00075,EVT-TRN-RAW-0005,ASH-2026-005,RAW,SHIPMENT_MILESTONE,TX-542cef4ff2f3a466,2026-06-07T03:56:12.518003,542cef4ff2f3a466aa7e9379219776881e744b17d86adf9f7301a403958e70aa,TRUE
BC-2026-00076,EVT-TRN-RAW-0006,ASH-2026-006,RAW,SHIPMENT_MILESTONE,TX-c843075f34dc1343,2026-06-07T12:54:24.167511,c843075f34dc134351c4421536e165ca0455024df7919c843a33acaf83d00e19,TRUE
BC-2026-00077,EVT-TRN-RAW-0007,ASH-2026-007,RAW,SHIPMENT_MILESTONE,TX-0069ff704b779638,2026-06-09T03:41:52.337763,0069ff704b7796382e81e4a8c90a1b609019bd3d79e5ac7f754a481fc8a2449b,TRUE
BC-2026-00078,EVT-TRN-RAW-0008,ASH-2026-008,RAW,SHIPMENT_MILESTONE,TX-56ebb1fd05597286,2026-06-10T13:48:50.536226,56ebb1fd055972861e5c223cfbb96530739c8b51ddaddc2a2c35ee7cb53331f8,TRUE
BC-2026-00079,EVT-TRN-RAW-0009,ASH-2026-009,RAW,SHIPMENT_MILESTONE,TX-254205b61512e561,2026-06-11T15:29:44.258857,254205b61512e561fe81403291b14c4aeec1991aee2996e5228ad4a49b7a2ef8,TRUE
BC-2026-00080,EVT-TRN-RAW-0010,ASH-2026-010,RAW,SHIPMENT_MILESTONE,TX-c96a76431e20be6f,2026-06-13T00:41:00.420398,c96a76431e20be6fb02ecbfa96b59a23df3271abc16150932b1bf0e3fbfa978f,TRUE
BC-2026-00081,EVT-TRN-RAW-0011,ASH-2026-011,RAW,SHIPMENT_MILESTONE,TX-5c8ff66d09c5d86e,2026-06-14T11:10:48.717052,5c8ff66d09c5d86eab23e1fc33d6fa827faa3ca6b38e18157cca90837458cfb9,TRUE
BC-2026-00082,EVT-TRN-RAW-0012,ASH-2026-012,RAW,SHIPMENT_MILESTONE,TX-4f200c548deaac57,2026-06-15T03:21:57.235180,4f200c548deaac571b4027d1ac058df4856a74d868f41a464c42c44b76718ab1,TRUE
BC-2026-00083,EVT-TRN-RAW-0013,ASH-2026-013,RAW,SHIPMENT_MILESTONE,TX-ab8d32e406d331a5,2026-06-16T05:08:52.026378,ab8d32e406d331a55ba0b14efc08f03ba48b0517c26fbba178a25edb4bf88bfd,TRUE
BC-2026-00084,EVT-TRN-RAW-0014,ASH-2026-014,RAW,SHIPMENT_MILESTONE,TX-26eca0f8dddf3705,2026-06-17T12:13:54.890795,26eca0f8dddf370570f8c3c28af1d3064e2da7b1a473ae003a8115a21566abc4,TRUE
BC-2026-00085,EVT-TRN-RAW-0015,ASH-2026-015,RAW,SHIPMENT_MILESTONE,TX-39038b8db37b77b4,2026-06-18T18:47:30.043294,39038b8db37b77b40156679dd8051b2d006f07a5bcf6e8d3744fed34441b27bf,TRUE
BC-2026-00086,EVT-TRN-RAW-0016,ASH-2026-016,RAW,SHIPMENT_MILESTONE,TX-65a69d89057cbd51,2026-06-20T03:05:56.794841,65a69d89057cbd51090ce3f3811b6a62d0882b0b7133e2e3ed870abbf89437e6,TRUE
BC-2026-00087,EVT-TRN-RAW-0017,ASH-2026-017,RAW,SHIPMENT_MILESTONE,TX-538328f0938aa14d,2026-06-21T12:32:12.638754,538328f0938aa14df8c534dfd85ff725d5ec1b53d29b275482f077c8c1b847da,TRUE
BC-2026-00088,EVT-TRN-RAW-0018,ASH-2026-018,RAW,SHIPMENT_MILESTONE,TX-f31d5bfc205588c1,2026-06-22T04:13:36.380705,f31d5bfc205588c105f9233f68f60336244ca6a7a4093f6703d4fbebee3bfd2d,TRUE
BC-2026-00089,EVT-TRN-RAW-0019,ASH-2026-019,RAW,SHIPMENT_MILESTONE,TX-f95db364889eec77,2026-06-23T12:37:50.130442,f95db364889eec77f88269bcf085a3424aae8828f80322c21564eded9a351f84,TRUE
BC-2026-00090,EVT-TRN-RAW-0020,ASH-2026-020,RAW,SHIPMENT_MILESTONE,TX-8116c4b8cbb0eeeb,2026-06-24T21:56:08.539883,8116c4b8cbb0eeeb9d2971039255436ad14c7f9774adc680cefd45f1c02ce229,TRUE
BC-2026-00091,EVT-TRN-RAW-0021,ASH-2026-021,RAW,SHIPMENT_MILESTONE,TX-cac76daf4b52dea1,2026-06-26T02:09:00.551455,cac76daf4b52dea1c10eb777d2b24e64b7eaf3c8d784c088bb81bfabeae677dc,TRUE
BC-2026-00092,EVT-TRN-RAW-0022,ASH-2026-022,RAW,SHIPMENT_MILESTONE,TX-8cb8c63d9458385f,2026-06-27T15:01:45.993894,8cb8c63d9458385ffc98c76d1e93e7dad451fb6eebfc0da9638d6a075eb65c0b,TRUE
BC-2026-00093,EVT-TRN-RAW-0023,ASH-2026-023,RAW,SHIPMENT_MILESTONE,TX-e1cccd016ba586e5,2026-06-28T19:07:57.258805,e1cccd016ba586e5d3bc2c07d000ec86b165efda06b6a678b1b888156ee5c42a,TRUE
BC-2026-00094,EVT-TRN-RAW-0024,ASH-2026-024,RAW,SHIPMENT_MILESTONE,TX-622eeb55c92ef571,2026-06-29T04:18:19.182890,622eeb55c92ef5717d1b44f2c75c50635e9ad74fd7e4bc2b8c31211d48966c4d,TRUE
BC-2026-00095,EVT-TRN-RAW-0025,ASH-2026-025,RAW,SHIPMENT_MILESTONE,TX-7b8ef9669e81500a,2026-06-30T12:29:08.259520,7b8ef9669e81500aeea3822548d2fbefb3d8636b55ddade3c3b36d5a58f17d89,TRUE
BC-2026-00096,EVT-TRN-RAW-0026,ASH-2026-026,RAW,SHIPMENT_MILESTONE,TX-37a00cc30b97a99b,2026-07-02T00:06:20.014793,37a00cc30b97a99b5172acfbae8b3edba5c09d1dd5f562349ab5d8d07c36c147,TRUE
BC-2026-00097,EVT-TRN-RAW-0027,ASH-2026-027,RAW,SHIPMENT_MILESTONE,TX-efe5358d2f4c765a,2026-07-03T10:00:05.545632,efe5358d2f4c765afa15f2fb5bcf9a17bdb1312cb3cf6f71a05e46fce31ccca8,TRUE
BC-2026-00098,EVT-TRN-RAW-0028,ASH-2026-028,RAW,SHIPMENT_MILESTONE,TX-b58d959b07ec3184,2026-07-04T13:58:58.751106,b58d959b07ec318475b9f0ceba6b4364be6d4327fb5ddded02c565e2d48b4564,TRUE
BC-2026-00099,EVT-TRN-RAW-0029,ASH-2026-029,RAW,SHIPMENT_MILESTONE,TX-69606f4e82dd0b5c,2026-07-06T00:05:21.845695,69606f4e82dd0b5ce094519d8c0f5ca6ae7da7394aeae06f5510e3990244dd10,TRUE
BC-2026-00100,EVT-TRN-RAW-0030,ASH-2026-030,RAW,SHIPMENT_MILESTONE,TX-f366277f18ddb3bc,2026-07-06T17:38:12.745816,f366277f18ddb3bc9a8f4e45da9bf60e82397158c65bd3de847423a418b01f13,TRUE
BC-2026-00101,EVT-TRN-RAW-0031,ASH-2026-031,RAW,SHIPMENT_MILESTONE,TX-13ed21b56caad938,2026-07-08T00:02:13.262648,13ed21b56caad938cddf13bbf3da883cf02178a77a36d1a0b4955dec9d8b2f7b,TRUE
BC-2026-00102,EVT-TRN-RAW-0032,ASH-2026-032,RAW,SHIPMENT_MILESTONE,TX-1822f08c6b0a1508,2026-07-09T02:40:24.736089,1822f08c6b0a1508ce89caf0e8743a9e5af320c3a6c7d6651a24a81d6df07d4d,TRUE
BC-2026-00103,EVT-TRN-RAW-0033,ASH-2026-033,RAW,SHIPMENT_MILESTONE,TX-be5d1a9898d69e4b,2026-07-10T11:52:46.447585,be5d1a9898d69e4b135eda83cbca626d9758bd4eeb41dc401bc3f0d6f89eaa18,TRUE
BC-2026-00104,EVT-TRN-RAW-0034,ASH-2026-034,RAW,SHIPMENT_MILESTONE,TX-05fd489f6532e404,2026-07-11T20:35:49.437819,05fd489f6532e404e6cc0d90c1c367321abf00a7078e6cc8d913e98de209392b,TRUE
BC-2026-00105,EVT-TRN-RAW-0035,ASH-2026-035,RAW,SHIPMENT_MILESTONE,TX-9e563ab4f8bacb1a,2026-07-13T04:28:44.493070,9e563ab4f8bacb1aae63c49825918e993264380dc2c50b975e36355994530335,TRUE
BC-2026-00106,EVT-TRN-RAW-0036,ASH-2026-036,RAW,SHIPMENT_MILESTONE,TX-87b884b889307722,2026-07-13T15:36:22.986256,87b884b889307722d62c641325b4d5ca1cebdc6a4b84c3093cfbc28c93e1618d,TRUE
BC-2026-00107,EVT-TRN-RAW-0037,ASH-2026-037,RAW,SHIPMENT_MILESTONE,TX-0489f9c5155353cf,2026-07-14T23:31:30.585264,0489f9c5155353cf25c28eeeb0a61a5b4afab23879bf2ae1ff562944e282235b,TRUE
BC-2026-00108,EVT-TRN-RAW-0038,ASH-2026-038,RAW,SHIPMENT_MILESTONE,TX-ab2101d7760a4a5b,2026-07-16T14:16:20.818814,ab2101d7760a4a5b9721d568fb3f4e499b6a0ee9f8aae625099fdb352015e1be,TRUE
BC-2026-00109,EVT-TRN-RAW-0039,ASH-2026-039,RAW,SHIPMENT_MILESTONE,TX-ce7368e1092f2998,2026-07-17T15:08:30.376571,ce7368e1092f29985dbd9414539ae1d1b3ab6cf77562b4a6764d81beb88bc738,TRUE
BC-2026-00110,EVT-TRN-RAW-0040,ASH-2026-040,RAW,SHIPMENT_MILESTONE,TX-c8da4543c39a4a22,2026-07-19T04:10:57.117011,c8da4543c39a4a222104ab523e1318238d79e3c9af756f813dfdda8c2873f349,TRUE
BC-2026-00111,EVT-TRN-RAW-0041,ASH-2026-041,RAW,SHIPMENT_MILESTONE,TX-9ca26bcf8a9320b0,2026-07-20T07:56:55.666832,9ca26bcf8a9320b0880d90018169c9d0d0869f3525b3ea33386afba3e03c1b8b,TRUE
BC-2026-00112,EVT-TRN-RAW-0042,ASH-2026-042,RAW,SHIPMENT_MILESTONE,TX-895a2495c30e48dc,2026-07-20T17:35:34.496850,895a2495c30e48dc9606dc5aa8da1ef2f77b8292de388f6395b768a77608fada,TRUE
BC-2026-00113,EVT-TRN-RAW-0043,ASH-2026-043,RAW,SHIPMENT_MILESTONE,TX-d44f90b17c9e3b7a,2026-07-22T05:42:20.345013,d44f90b17c9e3b7ac5bedb2a6986a453b6965055b09af32a086d7350def6e9c8,TRUE
BC-2026-00114,EVT-TRN-RAW-0044,ASH-2026-044,RAW,SHIPMENT_MILESTONE,TX-f6f6f8a1f67d8470,2026-07-23T15:38:44.236018,f6f6f8a1f67d8470b704d34732c3fec602b4d34d5ef0aae58d3fd49f05a3a9d7,TRUE
BC-2026-00115,EVT-TRN-RAW-0045,ASH-2026-045,RAW,SHIPMENT_MILESTONE,TX-9a080a9a7ecb6118,2026-07-24T23:32:56.321554,9a080a9a7ecb61187f3302f0e63ba3241ede9ce5f5683bca684e3fcf015ff77a,TRUE
BC-2026-00116,EVT-TRN-RAW-0046,ASH-2026-046,RAW,SHIPMENT_MILESTONE,TX-41dda4f24470ab77,2026-07-26T05:22:23.847333,41dda4f24470ab77ef3272bb0bfd5edfdc7d3849490710ff45639cf828251c3b,TRUE
BC-2026-00117,EVT-TRN-RAW-0047,ASH-2026-047,RAW,SHIPMENT_MILESTONE,TX-b5333d9233ca8774,2026-07-27T15:00:26.219215,b5333d9233ca8774b378dd3ca5415a51049edea39d2fa76a71621fe7641d5454,TRUE
BC-2026-00118,EVT-TRN-RAW-0048,ASH-2026-048,RAW,SHIPMENT_MILESTONE,TX-c38572bc49584363,2026-07-28T04:54:01.690319,c38572bc49584363ea5fb14fd947d5140c9668adefd747e43a1a2198415681a2,TRUE
BC-2026-00119,EVT-TRN-RAW-0049,ASH-2026-049,RAW,SHIPMENT_MILESTONE,TX-214feb5d4ebc8601,2026-07-29T09:12:53.746316,214feb5d4ebc86019efa246cb9ab8d31c81a3526076bfd93871613b407f27e33,TRUE
BC-2026-00120,EVT-TRN-RAW-0050,ASH-2026-050,RAW,SHIPMENT_MILESTONE,TX-76fb1680ff06d21f,2026-07-31T00:15:18.180759,76fb1680ff06d21fe5f94f606e3e33f40af65ea677201867eba2fbfe9cec232c,TRUE
BC-2026-00121,EVT-TRN-RAW-0051,ASH-2026-051,RAW,SHIPMENT_MILESTONE,TX-b14f49c62ae160b3,2026-08-01T05:59:34.354385,b14f49c62ae160b3454d20a9fcb69ec49c1b1d82b711ba6f9f5fc2bff9f2f41d,TRUE
BC-2026-00122,EVT-TRN-RAW-0052,ASH-2026-052,RAW,SHIPMENT_MILESTONE,TX-ab9f35048e4215cb,2026-08-02T09:28:27.291427,ab9f35048e4215cb7ef39c74824c5566e8f0a9b3f14d4156970bfe2068ccbffc,TRUE
BC-2026-00123,EVT-TRN-RAW-0053,ASH-2026-053,RAW,SHIPMENT_MILESTONE,TX-51b581ed94601dee,2026-08-03T14:12:33.357600,51b581ed94601dee48145d9ffd23b03839d5d5b8a348776d366bebee25995b9a,TRUE
BC-2026-00124,EVT-TRN-RAW-0054,ASH-2026-054,RAW,SHIPMENT_MILESTONE,TX-0491450dfce383e3,2026-08-04T11:57:52.166127,0491450dfce383e34c5925a4ce1d0f7c3e7b4abaa0cd4fa577a080fba4bf32ee,TRUE
BC-2026-00125,EVT-TRN-RAW-0055,ASH-2026-055,RAW,SHIPMENT_MILESTONE,TX-8693a649e102cc7c,2026-08-05T17:36:01.423234,8693a649e102cc7c8dda35e2df298941a34f1444f08e85e2332848b399075c99,TRUE
BC-2026-00126,EVT-TRN-RAW-0056,ASH-2026-056,RAW,SHIPMENT_MILESTONE,TX-8c93beb2616d71fa,2026-08-07T02:42:35.104483,8c93beb2616d71fac90e7068ea6707a4c373935aa442ba0cdf237d98fd11b5c7,TRUE
BC-2026-00127,EVT-TRN-RAW-0057,ASH-2026-057,RAW,SHIPMENT_MILESTONE,TX-58296005613238d4,2026-08-08T04:29:33.616983,58296005613238d480b56c4d0a1311df99ae937c4a2ca634640523c13c8872c4,TRUE
BC-2026-00128,EVT-TRN-RAW-0058,ASH-2026-058,RAW,SHIPMENT_MILESTONE,TX-18d5bad36c41dbc7,2026-08-09T20:45:50.411985,18d5bad36c41dbc7e9c08fd27498b8f3291c41df6466a2053d9f1861c425186e,TRUE
BC-2026-00129,EVT-TRN-RAW-0059,ASH-2026-059,RAW,SHIPMENT_MILESTONE,TX-0428c720e57a64c6,2026-08-10T18:34:16.584602,0428c720e57a64c6bbdf978f3f70b267ce8b842c1e846693a125cc1565855b73,TRUE
BC-2026-00130,EVT-TRN-RAW-0060,ASH-2026-060,RAW,SHIPMENT_MILESTONE,TX-c3199af02073682f,2026-08-11T11:17:29.619376,c3199af02073682f49fd88b22b213384bb74f0269408cabcf3f5149bbd56c587,TRUE
BC-2026-00131,EVT-TRN-RAW-0061,ASH-2026-061,RAW,SHIPMENT_MILESTONE,TX-6f273e4e483e5bfe,2026-08-12T22:10:12.064046,6f273e4e483e5bfe1d6ad90a3e4244f118fff94af68f2680785fbdf13ae24380,TRUE
BC-2026-00132,EVT-TRN-RAW-0062,ASH-2026-062,RAW,SHIPMENT_MILESTONE,TX-96a23b542fff258a,2026-08-14T03:56:13.252383,96a23b542fff258a6c3bd707e983c2a77a6b40fc1398172c1435b540562d600a,TRUE
BC-2026-00133,EVT-TRN-RAW-0063,ASH-2026-063,RAW,SHIPMENT_MILESTONE,TX-d031ea23d72ca085,2026-08-15T11:52:37.512632,d031ea23d72ca085c1e8b6d3d19eecf23781819d9abac082cc866e7d306a00ec,TRUE
BC-2026-00134,EVT-TRN-RAW-0064,ASH-2026-064,RAW,SHIPMENT_MILESTONE,TX-9fff6af3ddf69c28,2026-08-16T16:50:11.781218,9fff6af3ddf69c28c6226d4486cf068e4da55c97cda148540cbc52dc7df9e7ac,TRUE
BC-2026-00135,EVT-TRN-RAW-0065,ASH-2026-065,RAW,SHIPMENT_MILESTONE,TX-5155484b983b2342,2026-08-18T00:43:53.914247,5155484b983b23425612e7e1cc0b7bc096a409b222fcf257a5167645be70d427,TRUE
BC-2026-00136,EVT-TRN-RAW-0066,ASH-2026-066,RAW,SHIPMENT_MILESTONE,TX-2e33670d20e00bd4,2026-08-18T12:45:44.589189,2e33670d20e00bd4b7383553b3fd4a766949afa3d840b918aa386784729423fc,TRUE
BC-2026-00137,EVT-TRN-RAW-0067,ASH-2026-067,RAW,SHIPMENT_MILESTONE,TX-2dce2da5038258fe,2026-08-20T01:46:48.558444,2dce2da5038258fed3f84ccf2e250a1430d6c74dc2918423ca126260e493ac31,TRUE
BC-2026-00138,EVT-TRN-RAW-0068,ASH-2026-068,RAW,SHIPMENT_MILESTONE,TX-74aab8b4866b7f33,2026-08-21T14:01:15.322250,74aab8b4866b7f335ff29a9ed7f7b2889b4db44a40de8a352194c73cc87e965f,TRUE
BC-2026-00139,EVT-TRN-RAW-0069,ASH-2026-069,RAW,SHIPMENT_MILESTONE,TX-46b418271fdc2823,2026-08-22T16:46:31.479579,46b418271fdc2823e520bf694dd73f5f5e755b3a93e73e7d8841950773b5199f,TRUE
BC-2026-00140,EVT-TRN-RAW-0070,ASH-2026-070,RAW,SHIPMENT_MILESTONE,TX-c303f3612a03870f,2026-08-24T01:32:57.108397,c303f3612a03870f6da6f805ee50e099f617fdc9c9c15e61ab0cb9bfa6fe5e3e,TRUE
BC-2026-00141,EVT-TRN-PLAB-0001,ASH-P-2026-001,PROCESSING,SHIPMENT_MILESTONE,TX-5fac2e323e1e8359,2026-06-04T17:18:35.492347,5fac2e323e1e8359cee9058e7ab4e3ff0b8a6ca8d169579e98e8a9211f822caf,TRUE
BC-2026-00142,EVT-TRN-PLAB-0002,ASH-P-2026-002,PROCESSING,SHIPMENT_MILESTONE,TX-8020992620bf9965,2026-06-07T18:47:47.982473,8020992620bf9965e25580a13ed3df725f3ee0de5ceae28aa8c8b26eb6d13d90,TRUE
BC-2026-00143,EVT-TRN-PLAB-0003,ASH-P-2026-003,PROCESSING,SHIPMENT_MILESTONE,TX-ffea71f4250d3ad9,2026-06-09T17:22:39.282584,ffea71f4250d3ad9ba7c1074263924fb99883e00d164e51845162f929b6060a7,TRUE
BC-2026-00144,EVT-TRN-PLAB-0004,ASH-P-2026-004,PROCESSING,SHIPMENT_MILESTONE,TX-5648647340a0502f,2026-06-11T18:36:48.502084,5648647340a0502f4170f27f15fd877bf1ef932b2805de55b28c8118b3db12ad,TRUE
BC-2026-00145,EVT-TRN-PLAB-0005,ASH-P-2026-005,PROCESSING,SHIPMENT_MILESTONE,TX-db0731c4801d815a,2026-06-14T17:25:39.600436,db0731c4801d815a606bc97705478e99a683d798de9b48b6fae98c4ba010cd05,TRUE
BC-2026-00146,EVT-TRN-PLAB-0006,ASH-P-2026-006,PROCESSING,SHIPMENT_MILESTONE,TX-06187b4bc588c9e9,2026-06-16T19:52:01.064589,06187b4bc588c9e9abf88979de8cf94ef02b99ce2481838f62c5c6cd03365209,TRUE
BC-2026-00147,EVT-TRN-PLAB-0007,ASH-P-2026-007,PROCESSING,SHIPMENT_MILESTONE,TX-44de1ef4a3329472,2026-06-18T16:47:15.808814,44de1ef4a3329472c07a1c8634266fa3d751a16d6da852bf0dcf8b34182b0b65,TRUE
BC-2026-00148,EVT-TRN-PLAB-0008,ASH-P-2026-008,PROCESSING,SHIPMENT_MILESTONE,TX-51954691f621a571,2026-06-23T17:41:22.811502,51954691f621a57166aec7664e0590d774b9e8bf6031d612616b2e71059b247b,TRUE
BC-2026-00149,EVT-TRN-PLAB-0009,ASH-P-2026-009,PROCESSING,SHIPMENT_MILESTONE,TX-9d31f2c1edf4eb4c,2026-06-23T15:12:47.588082,9d31f2c1edf4eb4c45985300b1f9e69c4bac9205108da8789a2c3234d0512b72,TRUE
BC-2026-00150,EVT-TRN-PLAB-0010,ASH-P-2026-010,PROCESSING,SHIPMENT_MILESTONE,TX-c39c034b88a2cb8b,2026-06-25T15:37:12.932346,c39c034b88a2cb8b55a36ec048b9df50edfb8bcde55ad041212f93cf87581c4f,TRUE
BC-2026-00151,EVT-TRN-PLAB-0011,ASH-P-2026-011,PROCESSING,SHIPMENT_MILESTONE,TX-001919472409ea4e,2026-06-28T18:33:13.230400,001919472409ea4e1f887e14596945e921b9eddd66e0c3d4f927d556c51ea55b,TRUE
BC-2026-00152,EVT-TRN-PLAB-0012,ASH-P-2026-012,PROCESSING,SHIPMENT_MILESTONE,TX-8a9c41fcc2532bea,2026-07-02T15:47:12.553175,8a9c41fcc2532bea4a369715af5a532be25f090047b71f8dfe614d810d5e1fd0,TRUE
BC-2026-00153,EVT-TRN-PLAB-0013,ASH-P-2026-013,PROCESSING,SHIPMENT_MILESTONE,TX-e0a0e2321cab9c25,2026-07-20T14:12:03.923545,e0a0e2321cab9c25609b1c8085d8def076cba09f1876befc885f3e640dc9426f,TRUE
BC-2026-00154,EVT-TRN-PLAB-0014,ASH-P-2026-014,PROCESSING,SHIPMENT_MILESTONE,TX-99684070256605b2,2026-07-01T16:21:31.125727,99684070256605b2c94109c4c6fc44ec527e8233a43d06db6106181ee4901ad6,TRUE
BC-2026-00155,EVT-TRN-PLAB-0015,ASH-P-2026-015,PROCESSING,SHIPMENT_MILESTONE,TX-e79497cd172c357e,2026-07-27T19:28:05.296361,e79497cd172c357e4a4eb73d83542ecaf722a2ce3a53e02b2a205879272db095,TRUE
BC-2026-00156,EVT-TRN-PLAB-0016,ASH-P-2026-016,PROCESSING,SHIPMENT_MILESTONE,TX-1c9ff90cd91ca883,2026-07-31T17:00:50.879977,1c9ff90cd91ca883f98d3694362f24bdaf613a3244b7eb419f38f1d8673c419d,TRUE
BC-2026-00157,EVT-TRN-PLAB-0017,ASH-P-2026-017,PROCESSING,SHIPMENT_MILESTONE,TX-c7505bf23dc4b7bf,2026-08-03T17:54:05.732994,c7505bf23dc4b7bf4efe6e51583ae7497ff0190cb7a7eb757afafd2fbcaa0a98,TRUE
BC-2026-00158,EVT-TRN-PLAB-0018,ASH-P-2026-018,PROCESSING,SHIPMENT_MILESTONE,TX-c35f768f6a539e56,2026-08-06T21:27:17.621242,c35f768f6a539e56e966168e554055cf8cc08ddfd353f9c96e8e4dc40799eb1a,TRUE
BC-2026-00159,EVT-TRN-PLAB-0019,ASH-P-2026-019,PROCESSING,SHIPMENT_MILESTONE,TX-144cdecc05f114ce,2026-08-12T14:28:20.346489,144cdecc05f114ce948dae5c6dfd54aa787a39b16d9a38e02e965dcdfddfc740,TRUE
BC-2026-00160,EVT-TRN-PLAB-0020,ASH-P-2026-020,PROCESSING,SHIPMENT_MILESTONE,TX-b0080dd62b1d244c,2026-08-15T19:00:34.234488,b0080dd62b1d244cfd432d497ad49bd496c091e3cb2a4e52efe237c0d3d928ef,TRUE
BC-2026-00161,EVT-TRN-PLAB-0021,ASH-P-2026-021,PROCESSING,SHIPMENT_MILESTONE,TX-8545bc298d64aac1,2026-07-11T20:30:37.364226,8545bc298d64aac11d1dcd2c511043193e76c0785adcc947446ce17b4aeb5b1c,TRUE
BC-2026-00162,EVT-TRN-PLAB-0022,ASH-P-2026-022,PROCESSING,SHIPMENT_MILESTONE,TX-183aac0a1b8ddb38,2026-08-21T16:14:07.868182,183aac0a1b8ddb382e4a4dedd380f1c20baf617ae386b71641bc775c7641ffe3,TRUE
BC-2026-00163,EVT-TRN-PLAB-0023,ASH-P-2026-023,PROCESSING,SHIPMENT_MILESTONE,TX-028f6aafb8f5c086,2026-08-25T18:23:55.664940,028f6aafb8f5c0869b013f08aeeb4e2284b29b2c5e2fe66d6a28983d2eefacba,TRUE
BC-2026-00164,EVT-TRN-PLAB-0024,ASH-P-2026-024,PROCESSING,SHIPMENT_MILESTONE,TX-7af53797e167f992,2026-06-05T19:59:46.417331,7af53797e167f992dac1882e5047bfd11a002b47233c5c6eb5dc6e96c6a8037e,TRUE
BC-2026-00165,EVT-TRN-PLAB-0025,ASH-P-2026-025,PROCESSING,SHIPMENT_MILESTONE,TX-ee5cb2b2b8c66c81,2026-06-08T17:33:45.404389,ee5cb2b2b8c66c81fcdc13a26b0b8d775e7bbab8800e567ada00f67500b1e599,TRUE
BC-2026-00166,EVT-TRN-PLAB-0026,ASH-P-2026-026,PROCESSING,SHIPMENT_MILESTONE,TX-5ba8cb3d2d546aa9,2026-06-12T18:58:20.609424,5ba8cb3d2d546aa98670a474db9903de25eaf9022732f496a94dd1c96f6e6a0f,TRUE
BC-2026-00167,EVT-TRN-PLAB-0027,ASH-P-2026-027,PROCESSING,SHIPMENT_MILESTONE,TX-1a9eebb8aca0638d,2026-06-16T22:18:04.547103,1a9eebb8aca0638d4d4f06bff52bebffc9520dbe993b280bf2f73eedbc636be4,TRUE
BC-2026-00168,EVT-TRN-PLAB-0028,ASH-P-2026-028,PROCESSING,SHIPMENT_MILESTONE,TX-cd3451db26d7433e,2026-07-18T17:41:48.881580,cd3451db26d7433e2bf0eb390a04b0fafe49f9ce678c6ec32f98942a20f681ad,TRUE
BC-2026-00169,EVT-TRN-PLAB-0029,ASH-P-2026-029,PROCESSING,SHIPMENT_MILESTONE,TX-532c72338d0afb7c,2026-06-23T16:26:09.712985,532c72338d0afb7c03038aa1af18b99b4bf8a97afd71512e74344022a8175266,TRUE
BC-2026-00170,EVT-TRN-PLAB-0030,ASH-P-2026-030,PROCESSING,SHIPMENT_MILESTONE,TX-1cccecefc4966522,2026-06-27T16:07:55.538562,1cccecefc496652291959e46536be8d476fee9476592dbabaa344d9ed04e6600,TRUE
BC-2026-00171,EVT-TRN-PLAB-0031,ASH-P-2026-031,PROCESSING,SHIPMENT_MILESTONE,TX-2adfef2b6cab7164,2026-07-01T20:04:24.307784,2adfef2b6cab71645d3f9e0da4eb961d733c5c205568e675fa24c204d281569e,TRUE
BC-2026-00172,EVT-TRN-PLAB-0032,ASH-P-2026-032,PROCESSING,SHIPMENT_MILESTONE,TX-85128e2c7328cbc9,2026-07-04T14:45:30.048447,85128e2c7328cbc9e701f856529e6a86af4aaaacc26a28496ba6501477bc9a0b,TRUE
BC-2026-00173,EVT-TRN-PLAB-0033,ASH-P-2026-033,PROCESSING,SHIPMENT_MILESTONE,TX-88aed9d2465512c1,2026-07-08T15:53:11.897199,88aed9d2465512c1640dbd9234159f14040a721a92f32501a80f872f8d1b9d42,TRUE
BC-2026-00174,EVT-TRN-PLAB-0034,ASH-P-2026-034,PROCESSING,SHIPMENT_MILESTONE,TX-56849fd43ee78b01,2026-07-11T16:48:58.244705,56849fd43ee78b012edf97184924bf8ada41c1a9572968a27440bb93448763b3,TRUE
BC-2026-00175,EVT-TRN-PLAB-0035,ASH-P-2026-035,PROCESSING,SHIPMENT_MILESTONE,TX-89a45479bab69858,2026-07-28T15:06:13.701069,89a45479bab69858d358757a7be3f16772786db0f75b7ab87c4ea7e65e92bd06,TRUE
BC-2026-00176,EVT-TRN-PLAB-0036,ASH-P-2026-036,PROCESSING,SHIPMENT_MILESTONE,TX-e580f447aaeb2295,2026-07-19T17:18:41.924954,e580f447aaeb2295ec219c620adfdb5b1bc4045ed16cf736e31c095e275a5af3,TRUE
BC-2026-00177,EVT-TRN-PLAB-0037,ASH-P-2026-037,PROCESSING,SHIPMENT_MILESTONE,TX-10b144aec384b65d,2026-07-23T15:45:42.817521,10b144aec384b65d517b086b3977a014716e74de22881818658bd9ef64207475,TRUE
BC-2026-00178,EVT-TRN-PLAB-0038,ASH-P-2026-038,PROCESSING,SHIPMENT_MILESTONE,TX-2fdccbf46c45ed36,2026-07-26T18:13:11.800021,2fdccbf46c45ed3672bd03c57107308b6175623b93e884b9a2d731eaf2f1fe0f,TRUE
BC-2026-00179,EVT-TRN-PLAB-0039,ASH-P-2026-039,PROCESSING,SHIPMENT_MILESTONE,TX-9731d25ef80da400,2026-07-29T20:35:41.688956,9731d25ef80da40025d7446e6e1596551ec197d3531b9191f28fa077b60bae01,TRUE
BC-2026-00180,EVT-TRN-PLAB-0040,ASH-P-2026-040,PROCESSING,SHIPMENT_MILESTONE,TX-01c44a3492162616,2026-08-02T16:33:09.851496,01c44a34921626169e7bbb375e18fc01b47163f77dadf49008cd4a7d60e817b1,TRUE
BC-2026-00181,EVT-TRN-PLAB-0041,ASH-P-2026-041,PROCESSING,SHIPMENT_MILESTONE,TX-7df563f59c11de53,2026-08-06T19:14:53.883857,7df563f59c11de531fb0a54f274385e90cf0b4334890da156932dcd2952f9c0e,TRUE
BC-2026-00182,EVT-TRN-PLAB-0042,ASH-P-2026-042,PROCESSING,SHIPMENT_MILESTONE,TX-62b8126f73590a7f,2026-08-04T18:08:13.078783,62b8126f73590a7f48a86a02d0516caac62c892c9ccdd7c4ba98c43af80b6426,TRUE
BC-2026-00183,EVT-TRN-PLAB-0043,ASH-P-2026-043,PROCESSING,SHIPMENT_MILESTONE,TX-d3ba3eeb84df7cb3,2026-08-14T16:18:16.443051,d3ba3eeb84df7cb317e20b8d9866a3c6b0323f17ace45faddb420b4e2bd4456f,TRUE
BC-2026-00184,EVT-TRN-PLAB-0044,ASH-P-2026-044,PROCESSING,SHIPMENT_MILESTONE,TX-edfbe6a6d83f96c6,2026-08-17T21:30:35.441893,edfbe6a6d83f96c6394274bc527fb005932b52bbdc7b7ded14038421170833ca,TRUE
BC-2026-00185,EVT-TRN-PLAB-0045,ASH-P-2026-045,PROCESSING,SHIPMENT_MILESTONE,TX-e9624bf1607c7f29,2026-08-21T18:28:59.807701,e9624bf1607c7f291d6a01d42845aa1dc0817b8abce8f16e9c3e1267ee1578a5,TRUE
BC-2026-00186,EVT-TRN-LM-0001,ASH-P-2026-001,PROCESSING,SHIPMENT_MILESTONE,TX-691b24957818df6e,2026-06-05T07:23:32.285743,691b24957818df6ecff15d3c5b844fcbc490b4a6ff84aee54355378df975ecc6,TRUE
BC-2026-00187,EVT-TRN-LM-0002,ASH-P-2026-002,PROCESSING,SHIPMENT_MILESTONE,TX-16781ecb3d6ffc73,2026-06-08T06:43:06.880124,16781ecb3d6ffc73cc44defafd4089259bd50563ef7e5e156aed8422b3f87965,TRUE
BC-2026-00188,EVT-TRN-LM-0003,ASH-P-2026-003,PROCESSING,SHIPMENT_MILESTONE,TX-3290dcc5d6c31cbe,2026-06-10T09:16:07.111905,3290dcc5d6c31cbefa5933af8ee0d16aa8a0a6a0487ed9b8e34c69b7a3b3018f,TRUE
BC-2026-00189,EVT-TRN-LM-0004,ASH-P-2026-004,PROCESSING,SHIPMENT_MILESTONE,TX-8d3863be40a0d806,2026-06-12T07:43:17.144023,8d3863be40a0d806181c681b5e59015da82cd508b7c5645200523a31a638eac3,TRUE
BC-2026-00190,EVT-TRN-LM-0005,ASH-P-2026-005,PROCESSING,SHIPMENT_MILESTONE,TX-e7e9ab8c1ea2451f,2026-06-15T04:52:16.182457,e7e9ab8c1ea2451f7d4675bd702716f8676e9f9e9f46b036301a56de97173618,TRUE
BC-2026-00191,EVT-TRN-LM-0006,ASH-P-2026-006,PROCESSING,SHIPMENT_MILESTONE,TX-9c54f4049e102abd,2026-06-17T08:12:34.313332,9c54f4049e102abdfadcbb20ea9d2ce5971d68aa236cd4fced6a990ae76ed6ff,TRUE
BC-2026-00192,EVT-TRN-LM-0007,ASH-P-2026-007,PROCESSING,SHIPMENT_MILESTONE,TX-0a7280ef050579d8,2026-06-19T07:42:26.516113,0a7280ef050579d8f8bf11efcf95dab7580aa733124f9a5cbebde1de918ab892,TRUE
BC-2026-00193,EVT-TRN-LM-0008,ASH-P-2026-008,PROCESSING,SHIPMENT_MILESTONE,TX-92f5beca562cfe2a,2026-06-24T08:56:07.356631,92f5beca562cfe2a27426794397df86d96d2bbbce6b53f1ed9757928d7f71437,TRUE
BC-2026-00194,EVT-TRN-LM-0009,ASH-P-2026-009,PROCESSING,SHIPMENT_MILESTONE,TX-b4db93fc8e7c9e98,2026-06-24T07:14:14.947756,b4db93fc8e7c9e986adcbd12d597e1787ef905c22d360eba09468154909c6e6e,TRUE
BC-2026-00195,EVT-TRN-LM-0010,ASH-P-2026-010,PROCESSING,SHIPMENT_MILESTONE,TX-64cdd994a6d9a5d4,2026-06-26T09:14:27.177201,64cdd994a6d9a5d4aea42925d9557ec6b232638fadef8c59b92d2c547003c7a8,TRUE
BC-2026-00196,EVT-TRN-LM-0011,ASH-P-2026-011,PROCESSING,SHIPMENT_MILESTONE,TX-da11a68f81cace86,2026-06-29T11:13:27.764555,da11a68f81cace86e7376ed664d617cd235ef205d699a0f2b940f2a9f94c638e,TRUE
BC-2026-00197,EVT-TRN-LM-0012,ASH-P-2026-012,PROCESSING,SHIPMENT_MILESTONE,TX-f7410e40850d37a4,2026-07-03T08:13:58.776184,f7410e40850d37a41dde8248289fc39a719361855a4604114f70ebc446711747,TRUE
BC-2026-00198,EVT-TRN-LM-0013,ASH-P-2026-013,PROCESSING,SHIPMENT_MILESTONE,TX-47a721b600106d42,2026-07-21T04:02:26.179635,47a721b600106d427e9c75794a81f508f416e7230b4bf4bae65c843227666730,TRUE
BC-2026-00199,EVT-TRN-LM-0014,ASH-P-2026-014,PROCESSING,SHIPMENT_MILESTONE,TX-3ee9d8295ac519fb,2026-07-02T02:58:06.981311,3ee9d8295ac519fb3de42ae72876e850274f347bd9c94d51503c1ef3f29c9298,TRUE
BC-2026-00200,EVT-TRN-LM-0015,ASH-P-2026-015,PROCESSING,SHIPMENT_MILESTONE,TX-cc1df726956a64e6,2026-07-28T08:54:15.511963,cc1df726956a64e624a523ebe937b3f49812519ab9ca33ed51c65f6ae7ccd663,TRUE
BC-2026-00201,EVT-TRN-LM-0016,ASH-P-2026-016,PROCESSING,SHIPMENT_MILESTONE,TX-851ad35fc6715da1,2026-08-01T04:12:35.007517,851ad35fc6715da183891db977b7e2acacf3a4709bdc0a37166791f41fc58098,TRUE
BC-2026-00202,EVT-TRN-LM-0018,ASH-P-2026-018,PROCESSING,SHIPMENT_MILESTONE,TX-352c136d33f91d22,2026-08-07T10:22:06.235712,352c136d33f91d22bb6314f21be5727803300c1df4ead04396965cb4faefe4bf,TRUE
BC-2026-00203,EVT-TRN-LM-0019,ASH-P-2026-019,PROCESSING,SHIPMENT_MILESTONE,TX-41d696f2f47fe627,2026-08-13T02:23:16.453908,41d696f2f47fe62747ecb8eea0500a8191db85ffe32720cae60b85afca1ce690,TRUE
BC-2026-00204,EVT-TRN-LM-0020,ASH-P-2026-020,PROCESSING,SHIPMENT_MILESTONE,TX-c07f021453c81482,2026-08-16T08:01:53.945908,c07f021453c814820eb3b524ed22761325ab6622b1055df7749a2de5260d578b,TRUE
BC-2026-00205,EVT-TRN-LM-0021,ASH-P-2026-021,PROCESSING,SHIPMENT_MILESTONE,TX-63cd196a88027626,2026-07-12T11:55:44.270252,63cd196a88027626e56d2e4e8211d91942c622beea824a880998e29261ea0538,TRUE
BC-2026-00206,EVT-TRN-LM-0022,ASH-P-2026-022,PROCESSING,SHIPMENT_MILESTONE,TX-52426cf987de6d9c,2026-08-22T05:07:54.141354,52426cf987de6d9cdc6eae120d21d3813fdc5b85f676ea5ea93e0ec77b0784e9,TRUE
BC-2026-00207,EVT-TRN-LM-0023,ASH-P-2026-023,PROCESSING,SHIPMENT_MILESTONE,TX-b2517ea61919b001,2026-08-26T05:54:43.854431,b2517ea61919b0013ec03d64cb82bc771fd5ac825a6e7f1ac25ccdf92bbdbd4f,TRUE
BC-2026-00208,EVT-TRN-LM-0024,ASH-P-2026-024,PROCESSING,SHIPMENT_MILESTONE,TX-0dd579ac2f75a772,2026-06-06T07:30:11.889504,0dd579ac2f75a7726949f3fd8d65a3526354d3f429773e452357553b7decb937,TRUE
BC-2026-00209,EVT-TRN-LM-0025,ASH-P-2026-025,PROCESSING,SHIPMENT_MILESTONE,TX-d1e2745bf9dbdd85,2026-06-09T12:07:20.554531,d1e2745bf9dbdd856f77b9aef8f1440d0f4605a082e7c504104388199864f0d2,TRUE
BC-2026-00210,EVT-TRN-LM-0026,ASH-P-2026-026,PROCESSING,SHIPMENT_MILESTONE,TX-5751f65418131b95,2026-06-13T12:17:47.735079,5751f65418131b9542b5b1de75a50e0866337fa553b51075518214584d189559,TRUE
BC-2026-00211,EVT-TRN-LM-0027,ASH-P-2026-027,PROCESSING,SHIPMENT_MILESTONE,TX-414534629ced0b6a,2026-06-17T13:39:27.897516,414534629ced0b6a96d2b3865ee8d26d32c684cd635c1393b3d7473cce1c1b8d,TRUE
BC-2026-00212,EVT-TRN-LM-0028,ASH-P-2026-028,PROCESSING,SHIPMENT_MILESTONE,TX-f05031debbddeac7,2026-07-19T10:03:24.188028,f05031debbddeac7d6c19398161e543136852976d91728fa5a4a4faa5e6b1187,TRUE
BC-2026-00213,EVT-TRN-LM-0029,ASH-P-2026-029,PROCESSING,SHIPMENT_MILESTONE,TX-8266ced0f6df6060,2026-06-24T03:31:49.462391,8266ced0f6df60605774d592b4b2ab14dd78d76a07ed6bfc6b81ee0e7bc39f1a,TRUE
BC-2026-00214,EVT-TRN-LM-0030,ASH-P-2026-030,PROCESSING,SHIPMENT_MILESTONE,TX-1f49003604737791,2026-06-28T09:42:24.988211,1f490036047377917f4bf412313c09868444e89f08904bf015f331667bdfb6e1,TRUE
BC-2026-00215,EVT-TRN-LM-0032,ASH-P-2026-032,PROCESSING,SHIPMENT_MILESTONE,TX-dcc1c811e0e9ecf1,2026-07-05T05:51:08.465909,dcc1c811e0e9ecf1d4f16e344e65912428e68eeb392e6e34fa28859aaa582b06,TRUE
BC-2026-00216,EVT-TRN-LM-0033,ASH-P-2026-033,PROCESSING,SHIPMENT_MILESTONE,TX-12aa97a6b34e2b3c,2026-07-09T04:47:05.307929,12aa97a6b34e2b3c7eaa397522e30b7cdc5bfbaa9675f838706e32b19c0b8f64,TRUE
BC-2026-00217,EVT-TRN-LM-0034,ASH-P-2026-034,PROCESSING,SHIPMENT_MILESTONE,TX-36509ac4a5224306,2026-07-12T09:34:53.723320,36509ac4a52243068902bf930aa468d968dd6b1f9230116727a0f076c1161ffc,TRUE
BC-2026-00218,EVT-TRN-LM-0035,ASH-P-2026-035,PROCESSING,SHIPMENT_MILESTONE,TX-0b256a1830f9c4f6,2026-07-29T07:44:48.360373,0b256a1830f9c4f63e53c5970a458958e86e3602033bc2921b1208f79331a278,TRUE
BC-2026-00219,EVT-TRN-LM-0036,ASH-P-2026-036,PROCESSING,SHIPMENT_MILESTONE,TX-55e21167628b4edc,2026-07-20T08:55:20.691352,55e21167628b4edce3f49275ef1b4f8f36de3f2e68d247d776a5447098f58a07,TRUE
BC-2026-00220,EVT-TRN-LM-0037,ASH-P-2026-037,PROCESSING,SHIPMENT_MILESTONE,TX-1c1181a87011e6ba,2026-07-24T05:47:56.908326,1c1181a87011e6bab2f8dd14062bb48fa426a08c3761a7c9e7f92c438155a9c8,TRUE
BC-2026-00221,EVT-TRN-LM-0038,ASH-P-2026-038,PROCESSING,SHIPMENT_MILESTONE,TX-d54e2844b6f600e7,2026-07-27T10:32:53.388571,d54e2844b6f600e71992084f1321cf2c69a766e86ce38a528fc8dd1014732e7b,TRUE
BC-2026-00222,EVT-TRN-LM-0039,ASH-P-2026-039,PROCESSING,SHIPMENT_MILESTONE,TX-9d4e1772781dd4c8,2026-07-30T07:27:18.045520,9d4e1772781dd4c88f9ee837f3d824f1e2b9d26a0c65954758a13e69eb6a881c,TRUE
BC-2026-00223,EVT-TRN-LM-0040,ASH-P-2026-040,PROCESSING,SHIPMENT_MILESTONE,TX-843d277492817ae1,2026-08-03T07:42:11.110778,843d277492817ae180262e5242087ced07bdd5b1c78e1b9e4a14217ec951ac8b,TRUE
BC-2026-00224,EVT-TRN-LM-0041,ASH-P-2026-041,PROCESSING,SHIPMENT_MILESTONE,TX-ec5c84b613fbe5ba,2026-08-07T08:07:52.806001,ec5c84b613fbe5bac23e1f1e37a3795fbbe9a933928c5af14cade144e0cc8f7d,TRUE
BC-2026-00225,EVT-TRN-LM-0043,ASH-P-2026-043,PROCESSING,SHIPMENT_MILESTONE,TX-75859afca66e8e3c,2026-08-15T07:31:11.052802,75859afca66e8e3c05674e2cdbdc9bcd8b8565914c05ec3522149b32da590c47,TRUE
BC-2026-00226,EVT-TRN-LM-0044,ASH-P-2026-044,PROCESSING,SHIPMENT_MILESTONE,TX-d9e7c72172ea8a78,2026-08-18T11:31:34.330237,d9e7c72172ea8a7824925a615f05359172f9be118bad0f604e2a1604e8c21fb8,TRUE
BC-2026-00227,EVT-TRN-LM-0045,ASH-P-2026-045,PROCESSING,SHIPMENT_MILESTONE,TX-b9dc270de593d93f,2026-08-22T08:48:17.974073,b9dc270de593d93f023ebd96653cb86564a6af477b7dce4425700e1b1fa2f4fe,TRUE
BC-2026-00228,EVT-LABTEST-PRE-0001,ASH-P-2026-001,PROCESSING,QUALITY_STATUS,TX-2e93530a5256ee99,2026-06-04T19:34:03.912886,2e93530a5256ee9957e69a638bdbc7e19fc3bc50a4059d28d9c944e4c4e8f377,TRUE
BC-2026-00229,EVT-LABTEST-PRE-0002,ASH-P-2026-002,PROCESSING,QUALITY_STATUS,TX-bd585e6dd9bcd72b,2026-06-07T23:52:15.583872,bd585e6dd9bcd72bfccdf6b2483753b971fff7181e2cac88f86dea663d235aa0,TRUE
BC-2026-00230,EVT-LABTEST-PRE-0003,ASH-P-2026-003,PROCESSING,QUALITY_STATUS,TX-f7d6b5f6f6b03fb8,2026-06-09T21:35:22.121850,f7d6b5f6f6b03fb89eaac4b11a34e8003ed5eec598504d73f905cf028e4367eb,TRUE
BC-2026-00231,EVT-LABTEST-PRE-0004,ASH-P-2026-004,PROCESSING,QUALITY_STATUS,TX-28d63a52fc09900b,2026-06-11T22:50:55.746350,28d63a52fc09900bebf5586accecb67183230a40a1d8d4dafc269f8a45da6bf2,TRUE
BC-2026-00232,EVT-LABTEST-PRE-0005,ASH-P-2026-005,PROCESSING,QUALITY_STATUS,TX-f0abdaae13c80ea9,2026-06-14T21:29:13.309102,f0abdaae13c80ea983adb59686240e8597790200508a543ffc88fbe9bf6a175f,TRUE
BC-2026-00233,EVT-LABTEST-PRE-0006,ASH-P-2026-006,PROCESSING,QUALITY_STATUS,TX-365b3baa2a510961,2026-06-17T00:55:56.843935,365b3baa2a510961db5cab4cce6a30b392803aa5d28fdea01503028774f3cadd,TRUE
BC-2026-00234,EVT-LABTEST-PRE-0007,ASH-P-2026-007,PROCESSING,QUALITY_STATUS,TX-939c77cc041dbb05,2026-06-18T19:50:09.113434,939c77cc041dbb05481f929e41db648591fe393919f96457b925a2c0b5017dde,TRUE
BC-2026-00235,EVT-LABTEST-PRE-0008,ASH-P-2026-008,PROCESSING,QUALITY_STATUS,TX-2769521006d5f1b1,2026-06-23T20:46:02.219121,2769521006d5f1b181b7a59f11e215c281fc4c637f4cc628f06ca4d11e2d9073,TRUE
BC-2026-00236,EVT-LABTEST-PRE-0009,ASH-P-2026-009,PROCESSING,QUALITY_STATUS,TX-f4b6499e26ba2dd4,2026-06-23T18:10:28.780517,f4b6499e26ba2dd476b4dbfb5874717a609e23eed300bd0430a51966dbfc1856,TRUE
BC-2026-00237,EVT-LABTEST-PRE-0010,ASH-P-2026-010,PROCESSING,QUALITY_STATUS,TX-8db940e6fe785b8e,2026-06-25T19:35:47.824187,8db940e6fe785b8e432c4e7211c97b9d0984cacbad710fdc826284e90471cd4d,TRUE
BC-2026-00238,EVT-LABTEST-PRE-0011,ASH-P-2026-011,PROCESSING,QUALITY_STATUS,TX-915bfaab10ef77fc,2026-06-29T00:24:10.861612,915bfaab10ef77fc0be0ccf35c3531ebb05267efc5a1624a3dc63bf855863737,TRUE
BC-2026-00239,EVT-LABTEST-PRE-0012,ASH-P-2026-012,PROCESSING,QUALITY_STATUS,TX-4b602f173a632086,2026-07-02T18:22:26.813201,4b602f173a632086cf4da4072c974ebd919dfdc01de2595221679e9a4f321a16,TRUE
BC-2026-00240,EVT-LABTEST-PRE-0013,ASH-P-2026-013,PROCESSING,QUALITY_STATUS,TX-afc15a29de03fe72,2026-07-20T16:57:50.073353,afc15a29de03fe7297710f99252d1f109953cfa276d07a0f88cb9cd25e8b5b59,TRUE
BC-2026-00241,EVT-LABTEST-PRE-0014,ASH-P-2026-014,PROCESSING,QUALITY_STATUS,TX-43ba6390ccbd9bfd,2026-07-01T18:37:16.867689,43ba6390ccbd9bfdac87369c6af112f6ffb4b066ec3813dca3aa5c29df4ae48a,TRUE
BC-2026-00242,EVT-LABTEST-PRE-0015,ASH-P-2026-015,PROCESSING,QUALITY_STATUS,TX-3a0c9d85ee499b77,2026-07-27T23:40:21.962911,3a0c9d85ee499b77a9ed7470a640d14523f5f41a7eeb617eb01ab5611c534771,TRUE
BC-2026-00243,EVT-LABTEST-PRE-0016,ASH-P-2026-016,PROCESSING,QUALITY_STATUS,TX-064f81b227d47295,2026-07-31T22:05:23.818084,064f81b227d47295da567e36dd6c9b231aa2f308f324de67a4d6eb23564f0e99,TRUE
BC-2026-00244,EVT-LABTEST-PRE-0017,ASH-P-2026-017,PROCESSING,QUALITY_STATUS,TX-e85d36a84fb19d17,2026-08-03T20:39:13.417571,e85d36a84fb19d17fe0b12a749189438a4235c18e3b7f681d12f9a8275b77ca2,TRUE
BC-2026-00245,EVT-LABTEST-PRE-0018,ASH-P-2026-018,PROCESSING,QUALITY_STATUS,TX-6a1ecbbdc8897479,2026-08-07T00:37:42.799161,6a1ecbbdc8897479fd52860755cf7cfe5217530eecac1cef6545d3cfd193fa11,TRUE
BC-2026-00246,EVT-LABTEST-PRE-0019,ASH-P-2026-019,PROCESSING,QUALITY_STATUS,TX-d4b670b092bba6bf,2026-08-12T19:52:37.154918,d4b670b092bba6bfba7e14654679693f462ccf8a8a1382e284b923319bc31124,TRUE
BC-2026-00247,EVT-LABTEST-PRE-0020,ASH-P-2026-020,PROCESSING,QUALITY_STATUS,TX-573d55f5dedbad8a,2026-08-15T23:35:56.614201,573d55f5dedbad8a2a58ae8ff653320f4ef49e058f2ee5a1d36edb5b9943dcdf,TRUE
BC-2026-00248,EVT-LABTEST-PRE-0021,ASH-P-2026-021,PROCESSING,QUALITY_STATUS,TX-e2cc3de8de878531,2026-07-12T00:41:25.942263,e2cc3de8de878531793ae9c1f2d426f486a15f9026bc1c427a0fbf9cd2829440,TRUE
BC-2026-00249,EVT-LABTEST-PRE-0022,ASH-P-2026-022,PROCESSING,QUALITY_STATUS,TX-aefe3fe331a6f0ea,2026-08-21T19:16:24.342186,aefe3fe331a6f0ea8c510ab5a7263677fc9b9ef9046c2758a3ffe3c1a7e27336,TRUE
BC-2026-00250,EVT-LABTEST-PRE-0023,ASH-P-2026-023,PROCESSING,QUALITY_STATUS,TX-9791d16560c760a6,2026-08-25T20:47:36.057713,9791d16560c760a671bbb375b994e19a34dff97585769d890afaa3fa8e690ec7,TRUE
BC-2026-00251,EVT-LABTEST-PRE-0024,ASH-P-2026-024,PROCESSING,QUALITY_STATUS,TX-5978df3df8ee931b,2026-06-06T00:18:58.441613,5978df3df8ee931b5344415adf55002860247cd9bbac4c415699991f7a8b1ae2,TRUE
BC-2026-00252,EVT-LABTEST-PRE-0025,ASH-P-2026-025,PROCESSING,QUALITY_STATUS,TX-33472f7a819dc7b7,2026-06-08T22:10:07.750779,33472f7a819dc7b751154e14bd6213d46f35a9baf6c97bd5343c7b854811df20,TRUE
BC-2026-00253,EVT-LABTEST-PRE-0026,ASH-P-2026-026,PROCESSING,QUALITY_STATUS,TX-88a59c5f6c70b402,2026-06-12T22:31:07.207941,88a59c5f6c70b402c4b27883e9b1c8087ae33db6071b010fccc485148acae3f5,TRUE
BC-2026-00254,EVT-LABTEST-PRE-0027,ASH-P-2026-027,PROCESSING,QUALITY_STATUS,TX-ea77a3005abc15f1,2026-06-17T04:16:33.153132,ea77a3005abc15f17f6c8e47553d6ea54b907a1d5d414b198d6c09ef6d92654d,TRUE
BC-2026-00255,EVT-LABTEST-PRE-0028,ASH-P-2026-028,PROCESSING,QUALITY_STATUS,TX-10da81eff706045a,2026-07-18T20:26:36.468379,10da81eff706045ac3ea6ea9b58f8aea0d73f1d9c229dd76e52a8f437da381d4,TRUE
BC-2026-00256,EVT-LABTEST-PRE-0029,ASH-P-2026-029,PROCESSING,QUALITY_STATUS,TX-1515fc5a3d8a380d,2026-06-23T20:51:36.430002,1515fc5a3d8a380da1b582864a57ed0680cf5461a1420a7a8fc83148c5e61190,TRUE
BC-2026-00257,EVT-LABTEST-PRE-0030,ASH-P-2026-030,PROCESSING,QUALITY_STATUS,TX-8402d58dce4dc9d2,2026-06-27T21:21:01.358063,8402d58dce4dc9d2fc188546173aae579e90a334d31a1e29c503564086cb2ae2,TRUE
BC-2026-00258,EVT-LABTEST-PRE-0031,ASH-P-2026-031,PROCESSING,QUALITY_STATUS,TX-1940e6e1b647decc,2026-07-01T23:15:16.799612,1940e6e1b647deccf5410ea400594035dd2c60cf1a133131316818657ae784c5,TRUE
BC-2026-00259,EVT-LABTEST-PRE-0032,ASH-P-2026-032,PROCESSING,QUALITY_STATUS,TX-5fe9c14f4885db97,2026-07-04T17:54:35.653069,5fe9c14f4885db978a3d1d584e491425a0be8f2cd8745b9ef52bd5f660520a83,TRUE
BC-2026-00260,EVT-LABTEST-PRE-0033,ASH-P-2026-033,PROCESSING,QUALITY_STATUS,TX-971d3633a9311f74,2026-07-08T19:27:56.973611,971d3633a9311f742993f93dfbcd7b269be944a75947b5dcf69f6c494f9c2b7f,TRUE
BC-2026-00261,EVT-LABTEST-PRE-0034,ASH-P-2026-034,PROCESSING,QUALITY_STATUS,TX-15c46e2786d9776f,2026-07-11T21:42:53.209501,15c46e2786d9776f931852c704e4ca85e0cfd20cbaa8fe4ac540b294dc8ac1d7,TRUE
BC-2026-00262,EVT-LABTEST-PRE-0035,ASH-P-2026-035,PROCESSING,QUALITY_STATUS,TX-8b67cf60cbc36425,2026-07-28T19:20:18.422003,8b67cf60cbc36425e4323b38f6332c6bf4d033c54dc837daf7bd87578a87770e,TRUE
BC-2026-00263,EVT-LABTEST-PRE-0036,ASH-P-2026-036,PROCESSING,QUALITY_STATUS,TX-755b51f6fd917cd5,2026-07-19T23:03:04.261558,755b51f6fd917cd5f69072cd2b5aa9bf24885e57cbd992ef9b2521a5eb9f81ef,TRUE
BC-2026-00264,EVT-LABTEST-PRE-0037,ASH-P-2026-037,PROCESSING,QUALITY_STATUS,TX-7dcf026b68f939a9,2026-07-23T18:26:38.195797,7dcf026b68f939a9d89717b85c1cdecbb6a1c3af9228f693c15dc126c09816bb,TRUE
BC-2026-00265,EVT-LABTEST-PRE-0038,ASH-P-2026-038,PROCESSING,QUALITY_STATUS,TX-7b6ab03f853b2f0e,2026-07-26T20:56:42.105846,7b6ab03f853b2f0e2f65009198eeba78d7582b82b11ccc41d288c0d177883d57,TRUE
BC-2026-00266,EVT-LABTEST-PRE-0039,ASH-P-2026-039,PROCESSING,QUALITY_STATUS,TX-51605c5936bdacb5,2026-07-29T23:30:23.160896,51605c5936bdacb5fc1e2827cc961053f6becee53463493fd1445200da8f747e,TRUE
BC-2026-00267,EVT-LABTEST-PRE-0040,ASH-P-2026-040,PROCESSING,QUALITY_STATUS,TX-ec08f17bc5f45aa4,2026-08-02T22:25:01.872368,ec08f17bc5f45aa400197e5b55f64791ee0ecdff61e05ed64624e35570e686a2,TRUE
BC-2026-00268,EVT-LABTEST-PRE-0041,ASH-P-2026-041,PROCESSING,QUALITY_STATUS,TX-da072aa5990a5c72,2026-08-06T23:39:20.025311,da072aa5990a5c7297239ad76caf65472fa16407e13bb36001b15b1a64c96640,TRUE
BC-2026-00269,EVT-LABTEST-PRE-0042,ASH-P-2026-042,PROCESSING,QUALITY_STATUS,TX-101fae7afb869d5f,2026-08-04T21:04:11.703364,101fae7afb869d5f9577d72596356e06aacc144e009101d8b0914afeead1795d,TRUE
BC-2026-00270,EVT-LABTEST-PRE-0043,ASH-P-2026-043,PROCESSING,QUALITY_STATUS,TX-2f75a05971bbdedc,2026-08-14T18:57:44.503911,2f75a05971bbdedc3f959ade4b0e8690eb0d0bfa221352c696342ee14d80bc00,TRUE
BC-2026-00271,EVT-LABTEST-PRE-0044,ASH-P-2026-044,PROCESSING,QUALITY_STATUS,TX-e30ab5155e482478,2026-08-18T02:03:25.692109,e30ab5155e4824781e0781c71ce7d24284abd7a5ec9d4e30e06f63448732a156,TRUE
BC-2026-00272,EVT-LABTEST-PRE-0045,ASH-P-2026-045,PROCESSING,QUALITY_STATUS,TX-7509bdd636928d7c,2026-08-21T21:29:59.855645,7509bdd636928d7c1ff006b7697ebf44ff0122bcdb99778d93dcf8ecde282999,TRUE
BC-2026-00273,EVT-LABTEST-POST-0001,MED-2026-001,MEDICINE,QUALITY_STATUS,TX-c2772a438655925e,2026-06-05T22:38:43.985416,c2772a438655925ebe2bd3bef9c00926e6032ea902bb37e1aec7ca24e2e07ca4,TRUE
BC-2026-00274,EVT-LABTEST-POST-0002,MED-2026-002,MEDICINE,QUALITY_STATUS,TX-d838695260502d37,2026-06-08T22:31:12.815020,d838695260502d371c0dd485e412c108cdbc08165b31267c406633812c7f973b,TRUE
BC-2026-00275,EVT-LABTEST-POST-0003,MED-2026-003,MEDICINE,QUALITY_STATUS,TX-9a2dab5ca8157409,2026-06-11T01:15:12.535070,9a2dab5ca8157409041191e1b0867c0d7408d034d2c20104b284e2b82a3c2fd7,TRUE
BC-2026-00276,EVT-LABTEST-POST-0004,MED-2026-004,MEDICINE,QUALITY_STATUS,TX-d9ae3fc0cc202832,2026-06-12T23:07:36.829767,d9ae3fc0cc2028327695cd03f5ba03ec932fa3af3c31318609ef4a3bd0590197,TRUE
BC-2026-00277,EVT-LABTEST-POST-0005,MED-2026-005,MEDICINE,QUALITY_STATUS,TX-efbe38a77bcb7efc,2026-06-15T19:02:33.136547,efbe38a77bcb7efc64269a2eb2845a2d0a764016d32b612430dfe6b1ed549388,TRUE
BC-2026-00278,EVT-LABTEST-POST-0006,MED-2026-006,MEDICINE,QUALITY_STATUS,TX-fdfd674462ffdeda,2026-06-17T22:45:58.498428,fdfd674462ffdedad67fad455704cc81e3223e87dbae56d874ca7a4f421df571,TRUE
BC-2026-00279,EVT-LABTEST-POST-0007,MED-2026-007,MEDICINE,QUALITY_STATUS,TX-ca00d8a412d83227,2026-06-19T18:56:56.842210,ca00d8a412d83227e0f08e0fa5b2edd02a8f7a7ba33c6b8519af77b230c7897d,TRUE
BC-2026-00280,EVT-LABTEST-POST-0008,MED-2026-008,MEDICINE,QUALITY_STATUS,TX-791ea2071444da5c,2026-06-24T22:52:05.519871,791ea2071444da5c0d18687fe5feb613223d36404e275e6864f2336c88ec6501,TRUE
BC-2026-00281,EVT-LABTEST-POST-0009,MED-2026-009,MEDICINE,QUALITY_STATUS,TX-93336d36effae75b,2026-06-24T19:05:39.554445,93336d36effae75b3de97a7e9fff6ae10cb3f19d1e70cb3d206bcb27ae75dbbe,TRUE
BC-2026-00282,EVT-LABTEST-POST-0010,MED-2026-010,MEDICINE,QUALITY_STATUS,TX-a4c8ba19747ec20c,2026-06-26T22:31:03.486463,a4c8ba19747ec20c917183c4b65373ef333737e35c1d9dd41dc4ef90c3582dce,TRUE
BC-2026-00283,EVT-LABTEST-POST-0011,MED-2026-011,MEDICINE,QUALITY_STATUS,TX-94b2b4772b79479f,2026-06-30T00:50:41.492268,94b2b4772b79479f074717f6ece15817d8d98999da2bf9a57ca93525bc847422,TRUE
BC-2026-00284,EVT-LABTEST-POST-0012,MED-2026-012,MEDICINE,QUALITY_STATUS,TX-a204060b29e2265e,2026-07-03T19:54:02.512198,a204060b29e2265e2ab1ae6cac4dc1f06abd73034ca371bc20f13cdb3ac966a5,TRUE
BC-2026-00285,EVT-LABTEST-POST-0013,MED-2026-013,MEDICINE,QUALITY_STATUS,TX-07ac3de760466493,2026-07-21T15:41:51.674600,07ac3de7604664934a664da2ba59498d2b777567f1cbfd085ba92f03fde28314,TRUE
BC-2026-00286,EVT-LABTEST-POST-0014,MED-2026-014,MEDICINE,QUALITY_STATUS,TX-653ecf1c1a3dd89c,2026-07-02T18:34:43.445825,653ecf1c1a3dd89cd61e749290ccff8d7171118e0a6ea78fd91c61b8460895f4,TRUE
BC-2026-00287,EVT-LABTEST-POST-0015,MED-2026-015,MEDICINE,QUALITY_STATUS,TX-b010c3e210804b11,2026-07-29T00:49:48.542147,b010c3e210804b111483ce78c3ef99ca256ca8e6a1015a19d57dcc6179800b1f,TRUE
BC-2026-00288,EVT-LABTEST-POST-0016,MED-2026-016,MEDICINE,QUALITY_STATUS,TX-f1cc11a258ccc720,2026-08-01T16:11:41.389943,f1cc11a258ccc720e9bcafa250961604f6497fbbbf31afff8915920ac2afa5ea,TRUE
BC-2026-00289,EVT-LABTEST-POST-0017,MED-2026-017,MEDICINE,QUALITY_STATUS,TX-7a30259dd66625cf,2026-08-07T22:12:21.015368,7a30259dd66625cf411cb147d7da410118d61f76b04b292b406f66c50deb2e75,TRUE
BC-2026-00290,EVT-LABTEST-POST-0018,MED-2026-018,MEDICINE,QUALITY_STATUS,TX-92d4a90d7f3b1eba,2026-08-13T15:50:09.260486,92d4a90d7f3b1eba22929b618c0ba60921762ace27b940febc16d568c7784fe0,TRUE
BC-2026-00291,EVT-LABTEST-POST-0019,MED-2026-019,MEDICINE,QUALITY_STATUS,TX-b52bc73659752749,2026-08-16T22:26:44.173233,b52bc736597527499102648e948960db3c9e5a8cb282ad1182f3a16fe190510f,TRUE
BC-2026-00292,EVT-LABTEST-POST-0020,MED-2026-020,MEDICINE,QUALITY_STATUS,TX-1760e6433617cbf6,2026-07-12T22:27:12.284949,1760e6433617cbf64558969421431e3382abe3ee6ab6762e6db997708874c117,TRUE
BC-2026-00293,EVT-LABTEST-POST-0021,MED-2026-021,MEDICINE,QUALITY_STATUS,TX-82062ceaa3e8ece0,2026-08-22T15:21:55.603877,82062ceaa3e8ece04d8eec8ae2b4cc007da86d54ec384e7b2499ab3a9c69034d,TRUE
BC-2026-00294,EVT-LABTEST-POST-0022,MED-2026-022,MEDICINE,QUALITY_STATUS,TX-05c0eb1395dd9b4d,2026-08-26T18:45:53.180816,05c0eb1395dd9b4db31361eec17459b3a9b6e823579acc04e24c56dfa14e6ed6,TRUE
BC-2026-00295,EVT-LABTEST-POST-0023,MED-2026-023,MEDICINE,QUALITY_STATUS,TX-6471f0c41df76574,2026-06-06T20:52:28.916237,6471f0c41df76574d9a403d4013f4ae902b36ad56adeb053c7a75256379b43cd,TRUE
BC-2026-00296,EVT-LABTEST-POST-0024,MED-2026-024,MEDICINE,QUALITY_STATUS,TX-ffbe301ce8013d50,2026-06-10T00:20:21.246329,ffbe301ce8013d503f0b50907360cd8c98c7a872ebe666dcda7a78ed7a7747db,TRUE
BC-2026-00297,EVT-LABTEST-POST-0025,MED-2026-025,MEDICINE,QUALITY_STATUS,TX-70f93bccb97cb1c3,2026-06-14T03:55:14.851053,70f93bccb97cb1c3655e6eb71771df50e794b59573821da80b2ee9f91f32166e,TRUE
BC-2026-00298,EVT-LABTEST-POST-0026,MED-2026-026,MEDICINE,QUALITY_STATUS,TX-de2b1245df27dbda,2026-06-18T05:14:36.151936,de2b1245df27dbda9f5e207cbeff6d5e3275d5a738a275abc401f0acb7b6c429,TRUE
BC-2026-00299,EVT-LABTEST-POST-0027,MED-2026-027,MEDICINE,QUALITY_STATUS,TX-36c26d0226c47ae0,2026-07-19T20:06:50.144997,36c26d0226c47ae0586613464efdfd7c55d5cab9b1eac520c6e58e83698f7692,TRUE
BC-2026-00300,EVT-LABTEST-POST-0028,MED-2026-028,MEDICINE,QUALITY_STATUS,TX-4452b8fbfe1bee47,2026-06-24T15:09:35.343956,4452b8fbfe1bee470697992b9e612e81f554c59d36f82251c30e24455aa041aa,TRUE
BC-2026-00301,EVT-LABTEST-POST-0029,MED-2026-029,MEDICINE,QUALITY_STATUS,TX-e39f25467b9757ce,2026-06-28T21:58:12.940678,e39f25467b9757cef29d2109ad15fa05abd89a3322a03c34d7e3eed2fdf4d84e,TRUE
BC-2026-00302,EVT-LABTEST-POST-0030,MED-2026-030,MEDICINE,QUALITY_STATUS,TX-17e37788f7e37d6b,2026-07-05T20:48:43.585363,17e37788f7e37d6bd722ad7cdc67f3deaec4d935168850429f261b713589874b,TRUE
BC-2026-00303,EVT-LABTEST-POST-0031,MED-2026-031,MEDICINE,QUALITY_STATUS,TX-13c95388c665dc9e,2026-07-09T15:14:33.311821,13c95388c665dc9ee27acfabea1f28735d0f806756ae3def668b59bb4e00bf51,TRUE
BC-2026-00304,EVT-LABTEST-POST-0032,MED-2026-032,MEDICINE,QUALITY_STATUS,TX-6003e3cee06560ed,2026-07-12T22:17:10.292620,6003e3cee06560eddf5143f13093836d799e8fbda253a17d043c0b699e96ac71,TRUE
BC-2026-00305,EVT-LABTEST-POST-0033,MED-2026-033,MEDICINE,QUALITY_STATUS,TX-24543c9823268581,2026-07-29T23:30:21.699190,24543c9823268581e3d607d1a65178d4a836cf9d95e38d49542ca12018cc5125,TRUE
BC-2026-00306,EVT-LABTEST-POST-0034,MED-2026-034,MEDICINE,QUALITY_STATUS,TX-e7ca27e1060e852d,2026-07-20T19:51:41.922328,e7ca27e1060e852d3197a1305b3685668a9b784810e8ed33372880e246e8e353,TRUE
BC-2026-00307,EVT-LABTEST-POST-0035,MED-2026-035,MEDICINE,QUALITY_STATUS,TX-1be333cdc7e0fada,2026-07-24T21:07:25.911683,1be333cdc7e0fadaf433ce03fd360a4e5cbfdce01ea2a5697a861e14c47bfdb3,TRUE
BC-2026-00308,EVT-LABTEST-POST-0036,MED-2026-036,MEDICINE,QUALITY_STATUS,TX-6706211667db8b9c,2026-07-28T01:46:20.370636,6706211667db8b9c60fed737aaf7b7d13fd1a24f24332260fd6b063e74b8a3d1,TRUE
BC-2026-00309,EVT-LABTEST-POST-0037,MED-2026-037,MEDICINE,QUALITY_STATUS,TX-7e0ec2668f61795f,2026-07-30T22:55:44.027539,7e0ec2668f61795f0ed84f581cb3320569c2767a6aecc62833849e71a5cfb85e,TRUE
BC-2026-00310,EVT-LABTEST-POST-0038,MED-2026-038,MEDICINE,QUALITY_STATUS,TX-9d298e54cd25dd09,2026-08-03T23:41:21.064122,9d298e54cd25dd09249b1d577714b111955c3def38960313c11bdf029ac85e3f,TRUE
BC-2026-00311,EVT-LABTEST-POST-0039,MED-2026-039,MEDICINE,QUALITY_STATUS,TX-e3f146bec4501245,2026-08-07T21:09:17.854428,e3f146bec450124594625f6245ad9f24a9499e3de37d0178913c096a836187dc,TRUE
BC-2026-00312,EVT-LABTEST-POST-0040,MED-2026-040,MEDICINE,QUALITY_STATUS,TX-a03a4883291b2d8a,2026-08-15T19:05:09.134135,a03a4883291b2d8a62c4a4f514ff855ecb4736cee00430e2892982933aec7821,TRUE
BC-2026-00313,EVT-LABTEST-POST-0041,MED-2026-041,MEDICINE,QUALITY_STATUS,TX-39f4a6349053be5c,2026-08-18T22:56:45.522554,39f4a6349053be5c6ac109d5b2ff8d11835b1a065de7512b085f6a288786f7c1,TRUE
BC-2026-00314,EVT-LABTEST-POST-0042,MED-2026-042,MEDICINE,QUALITY_STATUS,TX-19e2bf192094ec1a,2026-08-22T23:22:46.679607,19e2bf192094ec1a97c6fbf6648f09b566cf79b563618ae1e008f6db4bef4a8a,TRUE
BC-2026-00315,EVT-ALERT-00001,MED-2026-019,MEDICINE,ENVIRONMENTAL_ALERT,TX-4f0f34f8cac0bdc5,2026-08-16T22:26:44.173233,4f0f34f8cac0bdc51a4065781675c40f69eefa9469cb75bb0ffebaa093be171d,TRUE
BC-2026-00316,EVT-ALERT-00002,MED-2026-019,MEDICINE,ENVIRONMENTAL_ALERT,TX-96cb8b00a9ae8fff,2026-08-16T22:56:44.173233,96cb8b00a9ae8fff533ee7340806bd09d1d012389e034e6642e870c083f5914f,TRUE
BC-2026-00317,EVT-ALERT-00003,MED-2026-019,MEDICINE,ENVIRONMENTAL_ALERT,TX-52cd64ea68ba5f4a,2026-08-16T23:26:44.173233,52cd64ea68ba5f4a2b1909e0f30eae5a5ea5dfc8e02a380b78de259fba4322cb,TRUE
BC-2026-00318,EVT-ALERT-00004,MED-2026-019,MEDICINE,ENVIRONMENTAL_ALERT,TX-18de24a00008b36f,2026-08-16T23:56:44.173233,18de24a00008b36f7f3d660ec5498d1053743a9bb2c19faa482279939a33398b,TRUE
BC-2026-00319,EVT-ALERT-00005,MED-2026-019,MEDICINE,ENVIRONMENTAL_ALERT,TX-37fce0f4df633a2f,2026-08-17T00:26:44.173233,37fce0f4df633a2f8b8fe59632c9f1976b0e456cc203f8386c4cd2abed6594e7,TRUE
BC-2026-00320,EVT-ALERT-00006,MED-2026-019,MEDICINE,ENVIRONMENTAL_ALERT,TX-9f3b8c7f1a2ff83e,2026-08-17T00:56:44.173233,9f3b8c7f1a2ff83e3bb199742f9b3cd6fbb186e7d225ed2681ebbabf4ca6398f,TRUE
BC-2026-00321,EVT-ALERT-00007,MED-2026-019,MEDICINE,ENVIRONMENTAL_ALERT,TX-c4281e2c5c78f152,2026-08-17T01:26:44.173233,c4281e2c5c78f152dd4507146a01bd1515325fa63c774d41cdcdc0e8fe6d9cb6,TRUE
BC-2026-00322,EVT-ALERT-00008,MED-2026-031,MEDICINE,ENVIRONMENTAL_ALERT,TX-1296d5aca7a0a845,2026-07-09T15:14:33.311821,1296d5aca7a0a845687b6c15d79a6acd2f7ec61b96f6b7c01b6116cce7bd0ae4,TRUE
BC-2026-00323,EVT-ALERT-00009,MED-2026-031,MEDICINE,ENVIRONMENTAL_ALERT,TX-82b1dea2d62a822d,2026-07-09T15:44:33.311821,82b1dea2d62a822d1f772e2f0d6a33eb404a6661e1fe7024c1d16b0716636703,TRUE
BC-2026-00324,EVT-ALERT-00010,MED-2026-031,MEDICINE,TAMPER_EVENT,TX-9c05669e7dc59422,2026-07-09T16:14:33.311821,9c05669e7dc59422557057a21179316cf8538ff762d45c67f9c6553ef0f2577c,TRUE
BC-2026-00325,EVT-ALERT-00011,MED-2026-031,MEDICINE,ENVIRONMENTAL_ALERT,TX-0969a6bdd8968fa8,2026-07-09T16:44:33.311821,0969a6bdd8968fa8e11297e8c176c00e02f968972340548e1024ac6b20ae14d8,TRUE
BC-2026-00326,EVT-ALERT-00012,MED-2026-031,MEDICINE,ENVIRONMENTAL_ALERT,TX-1bd442ccccd23fb8,2026-07-09T17:14:33.311821,1bd442ccccd23fb8c96b6ec29743d3be35ac200ec35df3eca3d98f5d4790eb6c,TRUE
BC-2026-00327,EVT-ALERT-00013,MED-2026-031,MEDICINE,ENVIRONMENTAL_ALERT,TX-d6e1edd30e062228,2026-07-09T17:44:33.311821,d6e1edd30e062228815cafc07e0bf91bba1de57bf4da9dfc04b1125f6da3a02c,TRUE
BC-2026-00328,EVT-ALERT-00014,MED-2026-031,MEDICINE,ENVIRONMENTAL_ALERT,TX-b686e21c4163b2ac,2026-07-09T18:14:33.311821,b686e21c4163b2aca2dd5e27d63dcbec89eb209d89bff72fe9ffa86d97d547a9,TRUE
BC-2026-00329,EVT-ALERT-00015,MED-2026-006,MEDICINE,ENVIRONMENTAL_ALERT,TX-b8795078ade120b5,2026-06-17T05:45:06.211284,b8795078ade120b57234466305012ae589c0b96c80ede0a593b50a518bc7a861,TRUE
BC-2026-00330,EVT-ALERT-00016,MED-2026-006,MEDICINE,ENVIRONMENTAL_ALERT,TX-af02a48d8b30e2dd,2026-06-17T06:01:29.333734,af02a48d8b30e2dd4c6779e6abab188a3e178a8d83d979cb68c5aa0e5dd50bec,TRUE
BC-2026-00331,EVT-ALERT-00017,MED-2026-006,MEDICINE,ENVIRONMENTAL_ALERT,TX-bbe1dd37f44b1f04,2026-06-17T06:17:52.456184,bbe1dd37f44b1f045875450d0eda24b076a041e0c51a8a6637fd9abcabcff01a,TRUE
BC-2026-00332,EVT-ALERT-00018,MED-2026-006,MEDICINE,ENVIRONMENTAL_ALERT,TX-25f4788e723b77dd,2026-06-17T06:34:15.578634,25f4788e723b77dddc005d86ac97ac43d3c3535abfd7d78f6b5ea130ed87aac4,TRUE
BC-2026-00333,EVT-ALERT-00019,MED-2026-012,MEDICINE,TAMPER_EVENT,TX-52cdce1f7478795c,2026-07-02T23:24:42.809304,52cdce1f7478795c20b9fc3d4b968e79c77173712b9bb3c6b32c6558c8bb5568,TRUE
BC-2026-00334,EVT-MED-2026-001,MED-2026-001,MEDICINE,MEDICINE_LINKAGE,TX-d4ede43901f9bea7,2026-06-05T09:00:00,d4ede43901f9bea728425d3df4c6a57508d6409bc007c48bcf28a695ffb6bca3,TRUE
BC-2026-00335,EVT-MED-2026-002,MED-2026-002,MEDICINE,MEDICINE_LINKAGE,TX-f4a24380466ed003,2026-06-08T09:00:00,f4a24380466ed003b26d7ca0129e5893bb88df14a111e53cfeaae7bdcefe2752,TRUE
BC-2026-00336,EVT-MED-2026-003,MED-2026-003,MEDICINE,MEDICINE_LINKAGE,TX-5f6e9ccaec4b28de,2026-06-10T09:00:00,5f6e9ccaec4b28de146f25c6428722e5f47ef0ca833013f2f6cad468c2f3debb,TRUE
BC-2026-00337,EVT-MED-2026-004,MED-2026-004,MEDICINE,MEDICINE_LINKAGE,TX-b2ef3aaeea43394a,2026-06-12T09:00:00,b2ef3aaeea43394a61992ecc4c055525bc570a7eccf53fb3c65cff951b0233ce,TRUE
BC-2026-00338,EVT-MED-2026-005,MED-2026-005,MEDICINE,MEDICINE_LINKAGE,TX-1e49f0012e136f61,2026-06-15T09:00:00,1e49f0012e136f61ea87377b1ffbd4d0c253177c641515105024fc47b70d29e9,TRUE
BC-2026-00339,EVT-MED-2026-006,MED-2026-006,MEDICINE,MEDICINE_LINKAGE,TX-76512f74ff8c7eaa,2026-06-17T09:00:00,76512f74ff8c7eaac6b9c011155a628d522835066de34fbaf10d7dd8ad23383c,TRUE
BC-2026-00340,EVT-MED-2026-007,MED-2026-007,MEDICINE,MEDICINE_LINKAGE,TX-3396fbf200ad67bc,2026-06-19T09:00:00,3396fbf200ad67bcf7ab5bf97dfe88ede9e4e1447f361c2006495143824f72af,TRUE
BC-2026-00341,EVT-MED-2026-008,MED-2026-008,MEDICINE,MEDICINE_LINKAGE,TX-798b2fcc864ce819,2026-06-24T09:00:00,798b2fcc864ce81999f3a946f95166961bceb052b38c4dbbfd5ba3e0ab55008c,TRUE
BC-2026-00342,EVT-MED-2026-009,MED-2026-009,MEDICINE,MEDICINE_LINKAGE,TX-aee2babb97e62e91,2026-06-24T09:00:00,aee2babb97e62e91940d9eace48fcc2b5ddd6e6ee7d693ed438e22cbb75e716f,TRUE
BC-2026-00343,EVT-MED-2026-010,MED-2026-010,MEDICINE,MEDICINE_LINKAGE,TX-74829be5698f20d8,2026-06-26T09:00:00,74829be5698f20d859c6ae1966ed4868cf9a7687404477bc58022253b179525f,TRUE
BC-2026-00344,EVT-MED-2026-011,MED-2026-011,MEDICINE,MEDICINE_LINKAGE,TX-159cfd220a587f87,2026-06-29T09:00:00,159cfd220a587f87633a98518fb18496553c29283b885c3a0f20f0f5ded42193,TRUE
BC-2026-00345,EVT-MED-2026-012,MED-2026-012,MEDICINE,MEDICINE_LINKAGE,TX-06300b54047236d7,2026-07-03T09:00:00,06300b54047236d703acb2b68183d4a12828380ca477e4e72403423ca813a410,TRUE
BC-2026-00346,EVT-MED-2026-013,MED-2026-013,MEDICINE,MEDICINE_LINKAGE,TX-436c0420ddd7c101,2026-07-21T09:00:00,436c0420ddd7c10102daf541a4152d06498eac89ac15f9da52b80fd34cb89033,TRUE
BC-2026-00347,EVT-MED-2026-014,MED-2026-014,MEDICINE,MEDICINE_LINKAGE,TX-36998d1246e8647a,2026-07-02T09:00:00,36998d1246e8647a2834a91528230a08f2e79677c317de93bdb5dcc216f2a74c,TRUE
BC-2026-00348,EVT-MED-2026-015,MED-2026-015,MEDICINE,MEDICINE_LINKAGE,TX-d02b4adee22f11f9,2026-07-28T09:00:00,d02b4adee22f11f948a66bea961f8e1f17f5ab7a7945a42da7265b47e1f64836,TRUE
BC-2026-00349,EVT-MED-2026-016,MED-2026-016,MEDICINE,MEDICINE_LINKAGE,TX-0424af1942f0d714,2026-08-01T09:00:00,0424af1942f0d714cf5fb95ba8eb3dff413607ff7452e21bf3c42988457fe528,TRUE
BC-2026-00350,EVT-MED-2026-017,MED-2026-017,MEDICINE,MEDICINE_LINKAGE,TX-ced682d08ba46244,2026-08-07T09:00:00,ced682d08ba4624417671f170a22756d8da4db04cc78b0933c75492a3d839ef1,TRUE
BC-2026-00351,EVT-MED-2026-018,MED-2026-018,MEDICINE,MEDICINE_LINKAGE,TX-77769314a7aa42c1,2026-08-13T09:00:00,77769314a7aa42c1eb2a47bc1aaccd72c9549a37bfb5a0870f47f45551ea7174,TRUE
BC-2026-00352,EVT-MED-2026-019,MED-2026-019,MEDICINE,MEDICINE_LINKAGE,TX-3f42c6ebe202042e,2026-08-16T09:00:00,3f42c6ebe202042e558ab03af0c75494bce127f3682bcb141c5e6b95ade38546,TRUE
BC-2026-00353,EVT-MED-2026-020,MED-2026-020,MEDICINE,MEDICINE_LINKAGE,TX-b0fc0471632542a8,2026-07-12T09:00:00,b0fc0471632542a83365c31b9037a42a089620335a8f6551840a606a1b8fb7b5,TRUE
BC-2026-00354,EVT-MED-2026-021,MED-2026-021,MEDICINE,MEDICINE_LINKAGE,TX-6b1d3908693350af,2026-08-22T09:00:00,6b1d3908693350afb6cc73789bc3ddf20dd5cb4a726126bcd1508ddfac7d2bc3,TRUE
BC-2026-00355,EVT-MED-2026-022,MED-2026-022,MEDICINE,MEDICINE_LINKAGE,TX-7e17ba01b3ba17d3,2026-08-26T09:00:00,7e17ba01b3ba17d333b80b4238d265e78ed3d59fae514c3358bd265883fad024,TRUE
BC-2026-00356,EVT-MED-2026-023,MED-2026-023,MEDICINE,MEDICINE_LINKAGE,TX-81630b7a8e754fac,2026-06-06T09:00:00,81630b7a8e754fac9078c8215aa327e9b03eb5b04df77527dfe81b4d4134089f,TRUE
BC-2026-00357,EVT-MED-2026-024,MED-2026-024,MEDICINE,MEDICINE_LINKAGE,TX-fa9065444ca83e0e,2026-06-09T09:00:00,fa9065444ca83e0ea7f379329d185337d171f9ba5924f2ad971847f027099a78,TRUE
BC-2026-00358,EVT-MED-2026-025,MED-2026-025,MEDICINE,MEDICINE_LINKAGE,TX-a049694b51b575f4,2026-06-13T09:00:00,a049694b51b575f418699d453e850e443d87f81e7b91d35b216642f21fae901a,TRUE
BC-2026-00359,EVT-MED-2026-026,MED-2026-026,MEDICINE,MEDICINE_LINKAGE,TX-b0822bdadea560c5,2026-06-17T09:00:00,b0822bdadea560c5601d34ae6412990044988e1dfb03dbdc45873102004c6f54,TRUE
BC-2026-00360,EVT-MED-2026-027,MED-2026-027,MEDICINE,MEDICINE_LINKAGE,TX-e06f0986a7f42aa4,2026-07-19T09:00:00,e06f0986a7f42aa42b8a342f3d64e11dea147f21c06bf766ede3fb2dde1da0e2,TRUE
BC-2026-00361,EVT-MED-2026-028,MED-2026-028,MEDICINE,MEDICINE_LINKAGE,TX-a092114ff21906fd,2026-06-24T09:00:00,a092114ff21906fddae7bbddbe163d7f154479fa51be429fb71d11a25db23684,TRUE
BC-2026-00362,EVT-MED-2026-029,MED-2026-029,MEDICINE,MEDICINE_LINKAGE,TX-8b7d26f951f3d5ed,2026-06-28T09:00:00,8b7d26f951f3d5ed3e1b84a80c8d96cbd058d861b692a26a7b4ffcc1910f0e8c,TRUE
BC-2026-00363,EVT-MED-2026-030,MED-2026-030,MEDICINE,MEDICINE_LINKAGE,TX-fc18997a3adf7153,2026-07-05T09:00:00,fc18997a3adf71538cbe39ed54ee5ce35f2a207b2559f4f0392a676076c2941e,TRUE
BC-2026-00364,EVT-MED-2026-031,MED-2026-031,MEDICINE,MEDICINE_LINKAGE,TX-5e67897cc5ec1bb7,2026-07-09T09:00:00,5e67897cc5ec1bb711480181206f9ff61616e183127cfd8ace830105a0f373e9,TRUE
BC-2026-00365,EVT-MED-2026-032,MED-2026-032,MEDICINE,MEDICINE_LINKAGE,TX-f977fbde86e36398,2026-07-12T09:00:00,f977fbde86e363989433606e2a218fc74635671676fe6a51a74d1689cf095931,TRUE
BC-2026-00366,EVT-MED-2026-033,MED-2026-033,MEDICINE,MEDICINE_LINKAGE,TX-a12665ca80aa2a54,2026-07-29T09:00:00,a12665ca80aa2a54694022b8ce99f7b5a87275d1169494432a38890f770f58f3,TRUE
BC-2026-00367,EVT-MED-2026-034,MED-2026-034,MEDICINE,MEDICINE_LINKAGE,TX-2023e35b5e0235db,2026-07-20T09:00:00,2023e35b5e0235db808507b2bb3d11371b42ecad139fdb09124a7df92d54d3bb,TRUE
BC-2026-00368,EVT-MED-2026-035,MED-2026-035,MEDICINE,MEDICINE_LINKAGE,TX-33e74d257d641301,2026-07-24T09:00:00,33e74d257d641301381b6f98df0c44d0b6a51e0076bb487c0d8d51a2200428e3,TRUE
BC-2026-00369,EVT-MED-2026-036,MED-2026-036,MEDICINE,MEDICINE_LINKAGE,TX-b2c33265d934fe63,2026-07-27T09:00:00,b2c33265d934fe631f00e8afdea13af606ea0c0d2f95fb11329f9bd744875ab8,TRUE
BC-2026-00370,EVT-MED-2026-037,MED-2026-037,MEDICINE,MEDICINE_LINKAGE,TX-69820bbba0be3b84,2026-07-30T09:00:00,69820bbba0be3b84babb98cfe7442e83a916b61d4bfa81b4a74e827653157c8d,TRUE
BC-2026-00371,EVT-MED-2026-038,MED-2026-038,MEDICINE,MEDICINE_LINKAGE,TX-4119f7e316934c6c,2026-08-03T09:00:00,4119f7e316934c6ca4eac5ab9f8025dbdffec704cbddc6bf68d7107045856a07,TRUE
BC-2026-00372,EVT-MED-2026-039,MED-2026-039,MEDICINE,MEDICINE_LINKAGE,TX-f652afe32e5adb14,2026-08-07T09:00:00,f652afe32e5adb14bc8f71db6c3ee234232349181d4bb0cc4f7bb555ef5d6a19,TRUE
BC-2026-00373,EVT-MED-2026-040,MED-2026-040,MEDICINE,MEDICINE_LINKAGE,TX-41787949706dc82b,2026-08-15T09:00:00,41787949706dc82bb4609a45802aae05b4945acc6733e8daf4265103d9670602,TRUE
BC-2026-00374,EVT-MED-2026-041,MED-2026-041,MEDICINE,MEDICINE_LINKAGE,TX-491791f985fe0183,2026-08-18T09:00:00,491791f985fe0183459bc39dee0550d26609e7f7386891001d2d92a0a52d0285,TRUE
BC-2026-00375,EVT-MED-2026-042,MED-2026-042,MEDICINE,MEDICINE_LINKAGE,TX-9971b79125247140,2026-08-22T09:00:00,9971b791252471400d429d53dc4204a04a5f66dd53c4da9ad7c03f707e927047,TRUE
