botanical,family,trade_name,source,med_sys_tag
Abelmoschus esculentus (L.) Moench; [= Hibiscus esculentus L.],MALVACEAE,Bhendi,C,AFU
Abelmoschus ficulneus (L.) Wight & Arn.; [= Hibiscus ficulneus L.],MALVACEAE,Kattu vendai,W,AF
Abelmoschus moschatus Medik.; [= Hibiscus abelmoschus L.],MALVACEAE,"Muskdana,; Latakasturi",C/W,AFU
Abies pindrow (Royle ex D.Don) Royle,PINACEAE,"Granthiparna,; Talisa",W,A
Abies spectabilis (D.Don) Spach; [ = Abies webbiana Wall. ex D.Don],PINACEAE,Talispatra,W,A
Abrus precatorius L.,FABACEAE,"Chirmati,; Chinnoti,; Gundumani",W,AFHSTU
Abutilon indicum (L.) Sweet; subsp. guineense (Schumach.) Borss.; var. indica Benth.,MALVACEAE,Tutti,W,AFSTU
Acacia caesia (L.) Willd.,MIMOSACEAE,"Incha, Indu,; Singapore; pattai",W,AF
Acacia catechu (L.f.) Willd.,MIMOSACEAE,Katha,W,AFSTU
Acacia chundra (Roxb. ex Rottler) Willd.,MIMOSACEAE,Khadir,W,ATag **
Acacia farnesiana (L.) Willd.,MIMOSACEAE,Irmed,C,AFS
Acacia nilotica (L.) Willd. ex Delile; subsp. indica (Benth.) Brenan; [ = A. arabica (Lam.) Willd.; var. indica Benth.],MIMOSACEAE,"Babul, Keekar",W/C,AS
Acacia sinuata (Lour.) Merr.; [ = A. concinna (Willd.) DC.],MIMOSACEAE,Chikakai; (Shikakai),W,AF
Acalypha fruticosa Forssk.,EUPHORBIACEAE,Cinni,W,FS
Acalypha indica L.,EUPHORBIACEAE,"Khokali,; Arishtamanjari",W,AFHS
Achillea millefolium L.,ASTERACEAE,Brinjasif,C/W,HSUW
Achyranthes aspera L.,AMARANTHACEAE,Apamarga,W,AFHSTU
Achyranthes bidentata Blume,AMARANTHACEAE,Apamarga,W,AF
Aconitum balfourii Stapf,RANUNCULACEAE,Vatsnabha,W,A
Aconitum bisma (Ham.) Rapaics,RANUNCULACEAE,Bikhma,W,AF
Aconitum chasmanthum Stapf,RANUNCULACEAE,Vatsnabha,W,AH
Aconitum deinorrhizum Stapf,RANUNCULACEAE,Vatsnabha,W,A
Aconitum falconeri Stapf,RANUNCULACEAE,Vatsnabha,W,A
Aconitum ferox Wall. ex Ser.,RANUNCULACEAE,"Vachhnag, Atis",W,AFHSU
Aconitum heterophyllum Wall. ex Royle,RANUNCULACEAE,"Atis, Aconite,; Ativish",W,AFSTU
Aconitum laciniatum Stapf,RANUNCULACEAE,Kalo Bikhmo,W,F
Aconitum spicatum (Bruhl) Stapf,RANUNCULACEAE,Bish,W,F
Aconitum violaceum Jacq. ex Stapf,RANUNCULACEAE,Mitha Telia,W,F
Acorus calamus L.,ARACEAE,"Vach, Vaj,; Calamus roots,; Vekhand",C/W,AFSTUWTag **
Actiniopteris dichotoma Mett.,ACTINIOPTERI-; DACEAE,Mayurpankhi,W,AS
Adansonia digitata L.,BOMBACACEAE,Gorakimli,C,AFSU
Adenanthera pavonina L.,MIMOSACEAE,"Kamboji,; Tamaraka",C/W,AFS
Adenia hondala (Gaertn.) W.J. de Wilde,PASSIFLORACEAE,Vidari,W,
Adhatoda beddomei C.B.Clarke; [= Justicia beddomei (C.B.Clarke),ACANTHACEAE,Vasa,W,A
Adhatoda zeylanica Medik.; [ = A. vasica Nees; Justicia adhatoda L.],ACANTHACEAE,Adusa,W/C,AFHS
Adiantum capillus-veneris L.,ADIANTACEAE,"Hanraj,; Parshoshan",W,FU
Adiantum philippense L.f.; [ = A. lunulatum Burm.],ADIANTACEAE,Hansraj,W,AF
Adiantum venustum D.Don.,ADIANTACEAE,Hansraj,W,F
Aegle marmelos (L.) Correa,RUTACEAE,"Bael, Belgiri,; Bilva, Vilvam",C/W,AFHSTU
Aerva lanata (L.) Juss.,AMARANTHACEAE,Cheroola,W,AFS
Aesculus indica (Wall. ex Cambess),HIPPOCASTANA-; CEAE,"Indian Horse; Chesnut,; Bankhor; pangar",C/W,F
Ageratum conyzoides L.,ASTERACEAE,"Visamustih,; Goat weed,; Visadodi",W,AFS
Aglaia elaeagnoidea (A.Juss.) Benth.,MELIACEAE,Priyangu,W,AFTag **
Aglaia odorata Lour.,MELIACEAE,"Pishthparni,; Pithavan",C,F
Ailanthus excelsa Roxb.,SIMAROUBACEAE,Aralu,C/W,AFS
Ailanthus triphysa (Dennst.) Alston,SIMAROUBACEAE,Guggula Dhup,C/W,AF
Ainsliaea aptera DC.,ASTERACEAE,Sathjalani,W,F
Ajuga bracteosa Benth.,LAMIACEAE,Nilkanti,W,F
Alangium salvifolium (L.f.) Wang.,ALANGIACEAE,"Ankodah,; Dirghakilaka",W,AFST
Albizia amara (Roxb.) Boivin,MIMOSACEAE,Krishnasirish,W,AFS
Albizia lebbeck (L.) Benth.,MIMOSACEAE,"Vaakaveru,; Shirish",C/W,AFSU
Albizia marginata Merr.,MIMOSACEAE,Sirisah,W,A
Albizia odoratissima (L.f.) Benth.,MIMOSACEAE,Sirisa,C/W,AFS
Alhagi pseudalhagi (M.Bieb.) Desv.,FABACEAE,"Durlabha,; Yavasaka",W,ASTU
Allium ampeloprasum L.,LILIACEAE,"Leek,; Levant garlic",C,FW
Allium cepa L.,LILIACEAE,Onion,C,AFHS-TUW
Allium sativum L.,LILIACEAE,"Lasan,; Velathulli",C,AFHS-TUW
Allium stracheyi Baker,LILIACEAE,Jambu,W,A
Aloe barbadensis Mill.; [ = A. vera (L.) Burm.f.],LILIACEAE,"Ghikanvar,; Kumari",C/W,AFSTUW
Alpinia calcarata (Haw.) Roscoe,ZINGIBERACEAE,"Chittaratha,; Aratha",C,A
Alpinia galanga (L.) Willd.,ZINGIBERACEAE,"Kulinjan,; Rasnamool,; Koshtakulinjan",C/W,AFSUTag **
Alpinia officinarum Hance,ZINGIBERACEAE,Khulinjan,I,ASU
Alstonia scholaris (L.) R.Br.,APOCYNACEAE,Saptaparnachal; (Satveen),W,AFHSTU
Alstonia venenata R.Br.,APOCYNACEAE,"Anadana,; Raja - adana",W,AF
Alternanthera sessilis (L.) R.Br. ex DC.,AMARANTHACEAE,Ponnanganni,W,AFST
Althaea officinalis L.,MALVACEAE,"Khatmi,; Resha-Khatami,; Shilaras",C/W,AFSU
Altingia excelsa Noronha,ALTINGIACEAE,Silaras,C/W,AFSU
Amaranthus paniculatus L.,AMARANTHACEAE,"Chaulai,; Ramdana",C,AS
Amaranthus spinosus L.,AMARANTHACEAE,"Cholai,; Bhandira",W,AFST
Amaranthus tricolor L.; [ = A. gangeticus L.; A. mangostanus L.],AMARANTHACEAE,"Lal sag,; Alpamarisa",C,AS
Ambroma augusta (L.) L.f.,STERCULIACEAE,Ulatkambal,C/W,AFH
Ammannia baccifera L.,LYTHRACEAE,Kurand ghas,W,AS
Ammi majus L.,APIACEAE,Ammi,C,FW
Amomum aromaticum Roxb.,ZINGIBERACEAE,"Bengal; cardamom,; Brhdela",W,A
Amomum kepulaga Sprague,ZINGIBERACEAE,Elachi,I,F
Amomum subulatum Roxb.,ZINGIBERACEAE,Elachi Badi,C/W,AFSTU
Amorphophallus dubius Blume,ARACEAE,Surom (subs.) Herb,Root,
Amorphophallus paeoniifolius (Dennst.),ARACEAE,"Arsghna, Herb; Surankand,; Zaminkand",Root (Corm),
Amorphophallus sylvaticus (Roxb.),ARACEAE,Tubers Herb,Root (Tuber),
Anacardium occidentale L.,ANACARDIACEAE,Kaju Tree,"Bark (Stem),",
Anacyclus pyrethrum (L.) Cass.,ASTERACEAE,Akarkara Herb,"Stem, Root",
Anamirta cocculus (L.) Wight & Arn.,MENISPERMACEAE,Rakthala Climber,"Fruit, Resin",
Anchusa strigosa Labill.,BORAGINACEAE,Gaozaban Herb; (subs.),"Leaf, Fruit",
Andrographis paniculata (Burm.f.),ACANTHACEAE,Kalmegh Herb,Whole Plant,
Anethum graveolens L.; [ = A.sowa Roxb. ex Flem.],APIACEAE,Sowa Herb,"Fruit (Seed),",
Angelica archangelica L.,APIACEAE,"Conda, Angelica Herb",Root,
Angelica glauca Edgew.,APIACEAE,"Chuara, Choru Herb",Root,
Anisomeles malabarica (L.) R.Br. ex Sims,LAMIACEAE,Karimthumpa Shrub,Root,
Anodendron paniculatum A.DC.,APOCYNACEAE,"Sarakkodi, Climber; Kavali",Whole Plant,
Anogeissus latifolia (Roxb. ex DC.),COMBRETACEAE,Dhawada Tree,Gum,
Anthemis nobilis L.,ASTERACEAE,"Babuna, Herb; Gulbabuna","Flower, Leaf",Tag **
Anthocephalus cadamba (Roxb.)Miq.,RUBIACEAE,Kadam,C/W,AS
Aphanamixis polystachya (Wall.) Parker; [ = Amoora rohituka (Roxb.) Wight,MELIACEAE,"Rakta Rohida,; Rohitak",C/W,AHS
Aphananthe cuspidata (Blume) Planch.,ULMACEAE,Peenari,W,F
Apium graveolens L.,APIACEAE,"Ajmoda, Celery",C/W,AHSTU
Aquilaria agallocha Roxb.,THYMELAEACEAE,"Agar kala, Akil",I/W,AFSTU
Arctium lappa L.,ASTERACEAE,Phaggarmul,W,FH
Areca catechu L.,ARECACEAE,Supari,C,AFHS-TUW
Argemone mexicana L.,PAPAVERACEAE,"Brhami Dandi,; Kusme Beeja",W,AFHSU
Argyreia speciosa (L.f.) Sweet; [ = A. nervosa (Burm.f.) Bojer],CONVOLVULACEAE,"Samudraphal,; Samundra Sokh",W,ASTU
Aristolochia bracteolata Lam.,ARISTOLOCHIACEAE,Kidamari,W,AFS
Aristolochia indica L.,ARISTOLOCHIACEAE,Ishwar mool,W,AFSTU
Aristolochia rotunda L,ARISTOLOCHIACEAE,Zarawand,W,FU
Aristolochia tagala Cham.,ARISTOLOCHIACEAE,Aadutheen-; dapalai,W,F
Arnebia benthamii (Wall. ex G.Don),BORAGINACEAE,Gauzaban,W,A
Arnebia euchroma (Royle) I.M.Johnst.,BORAGINACEAE,Gaozaban,W,FTag **
Arnebia nobilis Rech.f.,BORAGINACEAE,Ratan jyothi /; Ratan jot,I,FU
Artabotrys hexapetalus (L.f.) Bhandari,ANNONACEAE,"Harichampa,; Madanmast",C/W,AF
Artemisia absinthium L.,ASTERACEAE,Afsanteen,W,AHSUW
Artemisia maritima L. ex Hook.f.,ASTERACEAE,"Ajavayana,; Chauhara, Cina",W,AHW
Artemisia nilagirica (C.B.Clarke) Pamp.,ASTERACEAE,Thavanam,W,AF
Artemisia pallens Wall. ex DC.,ASTERACEAE,Davna,C,FS
Artemisia parviflora Roxb. ex D.Don,ASTERACEAE,Pati,W,F
Artocarpus heterophyllus Lam.,MORACEAE,"Kathal, Panasa Tree",C/W,AFS
Arundo donax L.,POACEAE,"Dhamana,; Baranal, Nala",W,AHS
Asparagus adscendens Roxb.,LILIACEAE,"Musali; safed,; Satawar",W,ASU
Asparagus racemosus Willd.,LILIACEAE,"Shatavari,; Satawar",W/C,AFSTU
Asparagus sarmentosus L.,LILIACEAE,"Satawa; ri,; Shakak; ul",W,ASU
Atalantia monophylla (L.) DC.,RUTACEAE,Kurandubeeja,W,AFS
Atropa acuminata Royle ex Lindl.,SOLANACEAE,Jharka,C/W,FU
Atropa belladonna L.,SOLANACEAE,Belladona,I,AHSUW
Atylosia goensis (Dalzell) Dalzell,FABACEAE,Katttupaayar,I/C,AF
Atylosia scarabeoides (L.) Benth.,FABACEAE,Ban kulatha,W,F
Azadirachta indica A.Juss.,MELIACEAE,Neem,C/W,AFHSTU
Azima tetracantha Lam.,SALVADORACEAE,Shrub,"Leaf, Bark",
Bacopa monnieri (L.) Wettst.,SCROPHULARIACEAE Brahmi,Herb,Whole Plant,
Balanites aegyptiaca (L.) Delile,BALANITACEAE,Tree,Semi-Ripe,
Balanophora fungosa J.R.Forst.,BALANOPHORACEAE,Herb,Whole Plant,
Baliospermum montanum (Willd.),EUPHORBIACEAE Danti,Shrub,Root,
Bambusa arundinacea (Retz.) Willd.,BAMBUSEACEAE,Tree,Leaf,
Bandeiraea simplicifolia (M.Vahl ex,CAESALPINIACEAE,Climber,Fruit (Seed),
Barleria cristata L.,ACANTHACEAE,Shrub,Whole Plant,
Barleria prionitis L.,ACANTHACEAE Sahacara,Shrub,Whole Plant,
Barleria strigosa Willd.,ACANTHACEAE Nilajhint,Shrub,Whole Plant,
Barringtonia acutangula (L.) Gaertn.,BARINGTONIACEAE Nicula,Tree,Fruit,
Barringtonia racemosa (L.) Spreng.,BARINGTONIACEAE,Tree,Fruit (Seed),
Basella alba L.,BASELLACEAE,Climber,Whole Plant,Tag **
Bauhinia malabarica Roxb.,CAESALPINIACEAE,"Amlosa,; Asmantaka",W,AS
Bauhinia purpurea L.,CAESALPINIACEAE,Sonachal,C/W,AFST
Bauhinia racemosa Lam.,CAESALPINIACEAE,Kachnar,W,ASU
Bauhinia tomentosa L.,CAESALPINIACEAE,"Kachnar,; Kanchana",W,AFS
Bauhinia vahlii Wight & Arn.,CAESALPINIACEAE,Adda,W,AF
Bauhinia variegata L.,CAESALPINIACEAE,Kachnar,C/W,AFS
Benincasa hispida (Thunb.) Cogn.,CUCURBITACEAE,Kumpalan; ga pacha,C,AFSTU
Berberis aristata DC.,BERBERIDACEAE,"Daruhal; di,; Rasnaja; n,",W,AFSTU
Berberis asiatica Roxb.,BERBERIDACEAE,"Daru; Zarisuk; haldi,; Rasout",W,AFU
Berberis chitria Lindl.,BERBERIDACEAE,Daruhal; di/; Rasaut,W,AF
Berberis lycium Royle,BERBERIDACEAE,"Dar-hald,; Chitra",W,AU
Berberis tinctoria Lesch.,BERBERIDACEAE,Daruhal; di/; Rasaut,W,F
Berberis umbellata Wall. ex G.Don,BERBERIDACEAE,Daruhal; di/; Rasaut,W,F
Bergenia ciliata (Haw.) Sternb.,SAXIFRAGACEAE,Pashnabheda,W,A
Bergenia stracheyi (Hook.f. &,SAXIFRAGACEAE,Pashnabheda,W,A
Betula utilis D.Don,BETULACEAE,Bhojpatra,W,AST
Biophytum sensitivum (L.) DC.,OXALIDACEAE,Mukkutti,W,AFS
Bistorta amplexicaulis (D.Don) Greene,POLYGONACEAE,Anjubar,W,FTag **
Bixa orellana L.,BIXACEAE,"Sindhuri,; Latkan dana,; Annato",C,AFHS
Blepharis edulis auct. non (Forssk.) Pers.; [ = B.persica (Burm.f.) O.Kuntze.],ACANTHACEAE,Uttangan,I,AU
Boerhavia diffusa L.,NYCTAGINACEAE,"Punarnava; raktha,",W,AFHSU
Boerhavia repanda Willd.,NYCTAGINACEAE,"Cattaranai,; Varakanputu",W,S
Bombax ceiba L.; [ = B. malabaricum DC.],BOMBACACEAE,Mochras,W,AFS
Borassus flabellifer L.,ARECACEAE,"Palmyra palm,; Tad",C/W,AFSTU
Borreria hispida (L.) Schum.; [ = Spermacoce hispida L.],RUBIACEAE,Thaarthaaval,W,AF
Boswellia carteri Birdw.,BURSERACEAE,Sali guggul,I,F
Boswellia frereana Birdw.,BURSERACEAE,African elemi,I,F
Boswellia serrata Roxb.,BURSERACEAE,"Kandur,; Guggul, Dupa",W,ASU
Brassica alba (L.) Rabenh,BRASSICACEAE,"Safed rai,; Kadugu",C,AHSU
Brassica juncea (L.) Czern.,BRASSICACEAE,"Kaduku,; Sasuve Bili",C,AFS
Briedelia montana (Roxb.) Willd.,EUPHORBIACEAE,"Gondni, Geia",W,AF
Buchanania lanzan Spreng.,ANACARDIACEAE,Chironji,W,AFSTUTag **
Bunium persicum (Boiss.) B.Fedtsch.,APIACEAE,"Kala-zirah,; Shah-zirah",C/W,AF
Butea monosperma (Lam.) Taub.; [ = B. frondosa Willd.],FABACEAE,"Palash, Tesu; phool, Lac",W,AFSTU
Butea superba Willd.,FABACEAE,"Phul kesu,; Tesu phool",W,AFS
Caccinia crassifolia (Vent.) C.Koch,BORAGINACEAE,Gaozaban,I,F
Cadaba fruticosa (L.) Druce; [ = C. indica Lam.],CAPPARACEAE,"Kodham,; Pulika",W,FS
Caesalpinia bonduc (L.) Roxb.,CAESALPINIACEAE,"Sagargota,; Gatran,; Nataphal",W,AFHS
Caesalpinia digyna Rottler.,CAESALPINIACEAE,"Teripods,; Teri Beej",W,A
Caesalpinia pulcherrima (L.) Sw.,CAESALPINIACEAE,"Gultora,; Krishnachura,; Peacock flower",C,AFS
Caesalpinia sappan L.,CAESALPINIACEAE,Pathimugam,C,AFSU
Cajanus cajan (L.) Millsp.,FABACEAE,"Arhar, Tur",C,AFST
Calamus rotang L.,ARECACEAE,"Pirapan; Kizhangu, Bet",W,AFSU
Callicarpa macrophylla Vahl,VERBENACEAE,Priyangu,W,AT
Calophyllum apetalum Willd.,CLUSIACEAE,Cherupunna,W,FS
Calophyllum inophyllum L.,CLUSIACEAE,Punnappoovu,C/W,AFSTag **
Calotropis gigantea (L.) R.Br.,ASCLEPIADACEAE,Erukkin veru,W,AFHSTU
Calotropis procera (Aiton) W.T.Aiton,ASCLEPIADACEAE,Akada Phool,W,AFSTU
Calycopteris floribunda (Roxb.) Poir.,COMBRETACEAE,Pullaaniyila,W,AF
Canarium strictum Roxb.,BURSERACEAE,"Dhoop,; Raldhoop",W,AFS
Canella alba Murray,CANELLACEAE,Kiliyuram; pattai,I,F
Cannabis sativa L.,CANNABINACEAE,"Maya, Bhang",C/W,AFHS-TUW
Canscora decussata Schult. & Schult.f.,GENTIANACEAE,"Shankhuli,; Nakuli,; Shankahpuspi",W,ASU
Capparis divaricata Lam.,CAPPARACEAE,Turatti,W,S
Capparis moonii Wight,CAPPARACEAE,Rudanti,W,A
Capparis roxburghii DC.,CAPPARACEAE,Rudanti (Subs.),W,A
Capparis sepiaria L.,CAPPARACEAE,Karungurai,W,AFS
Capparis spinosa L.,CAPPARACEAE,Kanther,W,AU
Capparis zeylanica L. [ = C.horrida L.],CAPPARACEAE,Sivappu Boomi; Sakkarai; Kizhangu,W,AFS
Cardiospermum halicacabum L.,SAPINDACEAE,Mudakkathan,W,AFHSU
Carduus nutans L.,ASTERACEAE,"Musk thistle,; Scotch thistle",W,F
Careya arborea Roxb.,LECYTHIDACEAE,"Vaaikumbha,; Kumbhiphoo",W,AFSTag **
Carica papaya L.,CARICACEAE,"Papaya, Papita",C,AFHSUW
Carissa carandas L.,APOCYNACEAE,"Christ’s thorn,; Karanda",W/C,AFS
Carthamus tinctorius L.,ASTERACEAE,Kusum phool,C,AFSTU
Carum carvi L.,APIACEAE,"Shahjeera,; Kalazira",C/W,AHSTU
Carum strictocarpum C.B.Clarke,APIACEAE,Kalzira (Subs.),W,F
Casearia esculenta Roxb.,FLACOURTIACEAE,Saptarangi,W,A
Cassia absus L.,CAESALPINIACEAE,Chaksoo,W,AFSTU
Cassia alata L.; [ = Senna alata (L.) Roxb.],CAESALPINIACEAE,"Dadmurdan; , Dat-ka-; pat",C/W,AFS
Cassia angustifolia Vahl; [ = C. senna L.; Senna alexandrina,CAESALPINIACEAE,"Sona patta,; Sonamukhi,; Senna",C,AHSUW
Cassia auriculata L.; [ = Senna auriculata (L.) Roxb.],CAESALPINIACEAE,Avarai,W,AFS
Cassia fistula L.,CAESALPINIACEAE,"Amalthasphali,; Sonari chal",W/C,AFSTU
Cassia obtusifolia L.; [ = Senna obtusifolia (L.) H.S.Irwin,CAESALPINIACEAE,"Panevar, Taga",C/W,A
Cassia occidentalis L.; [ = Senna occidentalis (L.) Link],CAESALPINIACEAE,"Kasondi,; Kasmardah",W,AFST
"Cassia siamea Lam.; [ = Senna siamea (Lam.) H.S,Irwin",CAESALPINIACEAE,Kassod,C,FSTag **
Cassia sophera L.; [ = Senna sophera (L.) Roxb.],CAESALPINIACEAE,"Kasodi,; Ponthakaram",W,AFHS
Cassia tora L.; [ = Senna tora (L.) Roxb.],CAESALPINIACEAE,"Chakoda Beeja,; Pawad,; Chankuda",W,AFSTU
Cassytha filiformis L.,CASSYTHACEAE,"Astimu,; Akash Bel",W,AFS
Catharanthus roseus (L.) G.Don; [ = Vinca rosea L.],APOCYNACEAE,"Sadabahar,; Vinca rosea",C,AFW
Catunaregum spinosa (Thunb.) Tirveng.; [= Xeromphis spinosa (Thunb.) Keay ],RUBIACEAE,"Mainphal,; Maggare",W,A
Cayratia carnosa (Wall.) Gagnep.,VITACEAE,"Amal ved,; Amal bel, Gutt",W,AF
Cayratia pedata (Lam.) A.Juss.,VITACEAE,"Suvaha,; Gummatige",W,AFS
Cedrus deodara (Roxb.) G.Don,PINACEAE,Devdar,W,AFSTU
Ceiba pentandra (L.) Gaertn.; [ = Eriodendron pentandrum (L.) Kurz],BOMBACACEAE,Safed semal,C,AFSU
Celastrus paniculatus Willd.,CELASTRACEAE,"Malkangani,; Jyothismathi,; Bavanthi beeja",W,AFSTU
Celtis philippensis Blanco,ULMACEAE,Kakamushti; (Subs.),W,FS
Centaurea behen L.,ASTERACEAE,Behmen Safed,I,FU
Centella asiatica (L.) Urb.,APIACEAE,"Brahmi,; Brahmi booti",C/W,AFHSTW
Centratherum anthelminticum (L.),ASTERACEAE,Kali zeeri,W,AHSUTag **
Cephaelis ipecacuanha (Brot.) A.Rich.; [= Psychotria ipecacuanha (Brot.),RUBIACEAE,Ipecacuanha,C,HSUW
Chaerophyllum villosum Wall. ex DC.,APIACEAE,Mithi patis,W,F
Chlorophytum arundinaceum Baker,LILIACEAE,Safed musali,C/W,AFTU
Chlorophytum borivilianum Santapau,LILIACEAE,Safed musali,C/W,F
Chlorophytum tuberosum Baker,LILIACEAE,Safed musali,W/C,AS
Chonemorpha fragrans (Moon) Alston,APOCYNACEAE,Murva,W,AF
Chrozophora prostrata Dalzell,EUPHORBIACEAE,Neelkanthi,W,AU
Chrysanthemum cinerariifolium,ASTERACEAE,Pyrethrum,C,FW
Cichorium endivia L.,ASTERACEAE,"Kasini, Endive",C,A
Cichorium intybus L.,ASTERACEAE,Kasani,C/W,AFHSUW
Cinchona ledgeriana Bern.,RUBIACEAE,Cinchona,I,FW
Cinchona officinalis L.,RUBIACEAE,Cinchona bark,I,AHU
Cinnamomum camphora (L.) Presl,LAURACEAE,Kapur,C,AFHS-TUW
Cinnamomum cassia Nees ex Blume,LAURACEAE,Dalchini,I,ASTU
Cinnamomum glaucenscens (Nees),LAURACEAE,Sugandhakabila,W,F
Cinnamomum macrocarpum Hook.f.,LAURACEAE,Lavang,W,AFS
Cinnamomum malabathrum (Lam.),LAURACEAE,"Dalchini,; Tejpatta",W,F**
Cinnamomum sulphuratum Nees,LAURACEAE,"Dalchini,; Tejpatta",W,F
Cinnamomum tamala (Buch.-Ham.),LAURACEAE,"Tamal patra,; Tejpatra",W,AFSTU
Cinnamomum verum J.Presl; [= C. zeylanicum Blume],LAURACEAE,Dalchini,C,AFH
Cinnamomum wightii Meisn.,LAURACEAE,"Dalchini,; Tejpatta",W,AS
Cipadessa baccifera (Roth) Miq.,MELIACEAE,Adusoge soppu,W,FS
Cissampelos pareira L.; var. hirsuta (Ham. ex DC.) Forman,MENISPERMACEAE,Pahad mool,W,AFHSTUW
Cissus quadrangularis L.,VITACEAE,Pirandai,W,AFS
Citrullus colocynthis (L.) Schrad.,CUCURBITACEAE,"Indrayan,; Indravaruni",W,AFHSTU
Citrullus lanatus (Thunb.) Matsumara,CUCURBITACEAE,"Terbuz,; water melon",C,AH
Citrus acida Pers.,RUTACEAE,Limbu,C,S
Citrus aurantifolia (Christm. &,RUTACEAE,Limbu,C,AFSU
Citrus aurantium L.,RUTACEAE,Narangi,C,AFSU
Citrus bergamia Risso.,RUTACEAE,"Limbu chaal,; Jambeeram",C/W,AU
Citrus limon (L.) Burm.f.,RUTACEAE,Lemon,C,AFHTUW
Citrus medica L.,RUTACEAE,"Matunga,; Mahnimbu",W,ASU
Citrus reticulata Blanco,RUTACEAE,Santra,C,ATU
Clausena dentata (Willd.) Roem.,RUTACEAE,Mahasindur,W,FS
Cleistanthus collinus (Roxb.) Benth.,EUPHORBIACEAE,"Kutaja, Garbar",W,AS
Clematis gouriana Roxb. ex DC.,RANUNCULACEAE,Morvel Climber,Whole Plant,
Clematis triloba Heyne,RANUNCULACEAE,Morvel Climber,Whole Plant,
Cleome gynandra L.; [= Gynandropsis pentaphylla (L.) DC.],CLEOMACEAE,"Cat whiskers, Herb; Ridhi",Whole Plant,
Cleome viscosa L.,CLEOMACEAE,Nai kadugu Herb,"Root,",
Clerodendrum indicum (L.) Kuntze,VERBENACEAE,Bharangi Shrub,Root,
Clerodendrum inerme (L.) Gaertn.,VERBENACEAE,"Nir-Notsjil, Shrub; Sangan-; Kuppi,; Agnimanth",Whole Plant,
Clerodendrum phlomidis L.f.,LAMIACEAE,Arnimul Shrub,"Leaf, Root",
Clerodendrum serratum (L.) Moon,VERBENACEAE,Bharangi Shrub,Bark (Root),
Clitoria ternatea L.,FABACEAE,Kajli Climber,Root,
Coccinia grandis (L.) Voigt; [ = C. indica W. & A.],CUCURBITACEAE,"Bhrngaraj, Climber; Bimb",Whole Plant,
Cocculus hirsutus (L.) Theob.,MENISPERMACEAE,Vasanvel Climber,Leaf,
Cochlospermum religiosum (L.) Alston,COCHLOSPERMA-; CEAE,Katira Tree,Gum,
Cocos nucifera L.,ARECACEAE,Nariyal Tree,Flower,
Coffea arabica L.,RUBIACEAE,Coffee Shrub,Fruit (Seed),
Coffea travancorensis Wight & Arn.,RUBIACEAE,"Katu-mulla, Shrub; Tsjeru-",Root,
Coix lacryma-jobi L.,POACEAE,"Sankhlu, Dabhir Herb",Fruit,
Colchicum luteum Baker,LILIACEAE,Suranjan Herb,"Root,",
Coleus zeylanicus (Benth.) Cramer,LAMIACEAE,Valakah Herb,Whole Plant,
Combretum decandrum Roxb. non Jacq.,COMBRETACEAE,Korakukundi Climber,Fruit (Seed),**
Commiphora caudata (Wight & Arn.),BURSERACEAE,"Kiluvai,; Kondamavu",W,FS
Commiphora myrrha (T.Nees) Engl.,BURSERACEAE,Hirabol,I,ATU
Commiphora wightii (Arn.) Bhandari; [ = C. mukul (Hook. ex Stocks) Engl.],BURSERACEAE,"Guggul, Guggulu",I/W,A
Convolvulus arvensis L.,CONVOLVULACEAE,Chandvel; (Prasarni),C/W,AHSU
Convolvulus microphyllus Sieb.,CONVOLVULACEAE,Shankapushpi,W,A
Convolvulus scammonia L.,CONVOLVULACEAE,Saqmunia,I,HSU
Coptis teeta Wall.,RANUNCULACEAE,Mamira,C/W,ASU
Corallocarpus epigaeus (Rottl. & Willd.),CUCURBITACEAE,"Akasgaddah,; Patalagaruda",W,AST
Corchorus depressus Stocks,TILIACEAE,Bahuphali,W,AU
Corchorus trilocularis L.,TILIACEAE,Arenukam,W,A
Cordia dichotoma G.Forst.,CORDIACEAE,Lasora,W/C,AFSU
Cordia monoica Roxb.; var. wallichii (G.Don) C.B.Clarke,CORDIACEAE,Narivari,W,FS
Cordia wallichii G.Don; [= Cordia obliqua Willd.; var. wallichii (G.Don) C.B.Clarke ],CORDIACEAE,Sapistan,W,FTag **
Cordyceps sinensis (Berk.) Saac,CLAVICIPITACEAE,Yarsa Gomba,W,F
Coriandrum sativum L.,APIACEAE,"Dhaniya,; Dhana",C,AFSTU
Corylus jacquemontii Decne.,BETULACEAE,Findak (Subs.),W,F
Coscinium fenestratum (Gaertn.) Colebr.,MENISPERMACEAE,"Maramanjal,; Daruharidra",W,AFST
Costus speciosus (J.Konig) Sm.,COSTACEAE,"Kustha,; Koshtum, Kuth",W,AFSU
Crataegus oxyacantha L.,ROSACEAE,Hawthorn,C/W,FH
Crataeva religiosa G.Forst.; [ = C. nurvula Buch. - Ham.],CAPPARACEAE,"Varun chhal,; Varunah",W/C,AFS
Crocus sativus L.,IRIDACEAE,Kesar,C,AFHSTU
Crotalaria juncea L.,FABACEAE,"Dhanahari,; Patashan, Sann",C/W,AFSU
Crotalaria verrucosa L.,FABACEAE,"Banshana,; San, Sanpushpi",W,AFS
Croton oblongifolius Roxb.,EUPHORBIACEAE,Bhutankusha,W,AFST
Croton tiglium L.,EUPHORBIACEAE,"Jamlghota,; Japala",C,AFHSTU
Cryptocoryne spiralis (Retz.),ARACEAE,Natti - ati -; Vasa,W,FS
Cryptolepis buchananii R.Br. ex,PERIPLOCACEAE,"Medaksinghi,; Sariva",W,AFS
Cucumis melo L.,CUCURBITACEAE,"Kakadi beej,; Magaj Kharbuja",C/W,AFSTU
Cucumis sativus L.,CUCURBITACEAE,Beej Kheera,C,AFSTU**
Cucumis trigonus Roxb.,CUCURBITACEAE,Jangli-Indrayan,C,AFS
Cucurbita maxima Duch.,CUCURBITACEAE,Pumpkin,C,AFSU
Cucurbita moschata (Lam.),CUCURBITACEAE,"Kaddu, Kumrah",C,FSU
Cuminum cyminum L.,APIACEAE,"Jeera,; Shahjeera",C,AFSTU
Curculigo orchioides Gaertn.,HYPOXIDACEAE,"Kali; musali,; Musli",W,AFSTU
Curcuma amada Roxb.,ZINGIBERACEAE,Amba haldi; shiya,C/W,AFSU
Curcuma angustifolia Roxb.,ZINGIBERACEAE,Tikhur,C/W,AFSU
Curcuma aromatica Salisb.,ZINGIBERACEAE,"Kasturi; manjal,; arishna,",C/W,AFSU
Curcuma caesia Roxb.,ZINGIBERACEAE,"Nar-; Kapu-kachri; kachura,; Kala-haldi",W,F
Curcuma longa L.,ZINGIBERACEAE,"Arishna, Haldi,; Kari manjal",C,AFHSTU
Curcuma zerumbet Roxb.; [= C. zedoaria (Christm.) Roscoe],ZINGIBERACEAE,"Kachur,; Kachari",C/W,T
Cuscuta reflexa Roxb.,CONVOLVULACEAE,"Aftimoon,; Tukhme-; Kasus",W,AFSU
Cyathula prostrata (L.) Blume,AMARANTHACEAE,Kadalaavanakkin; veru,W,AF
Cycas circinalis L.,CYCADACEAE,Madhana; kama poo,W,AFS**
Cyclea peltata (Lam.) Hook.f. &,MENISPERMACEAE,Paada kizhangu,W,AFS
Cymbopogon citratus (DC.) Stapf,POACEAE,"Serai, Rohisha",C/W,AFSU
Cymbopogon flexuosus (Nees,POACEAE,Lemon grass,W,F
Cymbopogon martinii (Roxb.) Wats,POACEAE,Ginger grass,W,AST
Cynodon dactylon (L.) Pers.,POACEAE,"Durva, Karuka",C,AFHSTU
Cyperus esculentus L.,CYPERACEAE,Musta,W,AU
Cyperus rotundus L.,CYPERACEAE,"Nagarmotha,; Mustha",W,ASTU
Cyperus scariosus R.Br.,CYPERACEAE,Nagarmotha,W,AFSU
Dactylorhiza hatagirea (D.Don.) Soo,ORCHIDACEAE,Salampanja,W,AFSTU
Dalbergia latifolia Roxb.,FABACEAE,Kala Sheeshan,W,AFS
Dalbergia sissoo DC.,FABACEAE,Shisham,C/W,ASTU
Datura arborea L.,SOLANACEAE,"Datura,; Umathi",I,H
Datura innoxia Mill.,SOLANACEAE,Datura,W,A
Datura metel L.,SOLANACEAE,Duttura,W,ASW
Datura stramonium L.,SOLANACEAE,"Datura,; Umathi",W,AFHSU
Daucus carota L. var. sativa DC.,APIACEAE,Gaajar Beej,C,AFSU
Decalepis hamiltonii Wight & Arn.,PERIPLOCACEAE,Magali,W,AFS
Delonix elata (L.) Gamble,CAESALPINIACEAE,Sanchal,C,AFS**
Delphinium denudatum Wall. ex,RANUNCULACEAE,"Jadwar,; Jadavar kath,; Nirbishi",W,AU
Dendrobium nobile Lindl.,ORCHIDACEAE,-,W,F
Dendrophthoe falcata (L.F) Blume,LORANTHACEAE,Bandaka,W,AF
Derris scandens (Roxb.) Benth.,FABACEAE,Gonj,W,FS
Desmodium gangeticum (L.) DC.,FABACEAE,"Salparni,; Prasniparni",W,AFHSTU
Desmodium pulchellum (L.) Benth.,FABACEAE,"Lodhra, Kheri",W,A
Desmodium triflorum (L.) DC.,FABACEAE,Hamsapapdi,W,AFS
Desmostachya bipinnata (L.) Stapf,POACEAE,Dharbha,W,ASTU
Dichrostachys cinerea (L.) Wight & Arn. MIMOSACEAE,,Virtuli,W,AFST
Didymocarpus pedicellata R.Br.,GESNERIACEAE,"Shilapushpi,; Pathar phori,; Pasanphodi",W,A
Dillenia pentagyna Roxb.,DILLENIACEAE,Nagkesaram,W,AFS
Dioscorea alata L.,DIOSCOREACEAE,Sewalli kodi,C/W,AFS
Dioscorea bulbifera L.,DIOSCOREACEAE,Varahi kand,C/W,AFSTU
Dioscorea deltoidea Wall. ex Griseb.,DIOSCOREACEAE,Shingli mingli,C/W,FW
Dioscorea oppositifolia L.,DIOSCOREACEAE,Sarpahya,W,AFS
Dioscorea pentaphylla L.,DIOSCOREACEAE,Kanta alu,W,AFS
Diospyros buxifolia (Blume) Hiern,EBENACEAE,Elichevian,W,F
Diospyros ebenum Koenig,EBENACEAE,Abnus,W,FSU
Diospyros lotus L.,EBENACEAE,Amlok,W,F
Diospyros melanoxylon Roxb.,EBENACEAE,Tendu,W,AFSUTag **
Diplocyclos palmatus (L.) C.Jeffrey,CUCURBITACEAE,Shivling beej,W,AFS
Dodonaea angustifolia (L.f.) Benth.,SAPINDACEAE,"Aliar,; jangli-anar",W,F
Dolichos biflorus L.; [= Macrotyloma uniflorum (Lam.),FABACEAE,"Kulthi, Muthira",C,AFSTU
Dorema ammoniacum D.Don,APIACEAE,Ushaq,I,AHU
Drosera peltata Smith,DROSERACEAE,Drosera,W,FS
Dryobalanops aromatica Gaertn.,DIPTEROCARPA-; CEAE,Baraas; (Bhimseni; kapoor),I,A
Dryopteris filix-mas (L.) Schott,DRYOPTERIDACEAE,"Shield fern,; Hirvi",W,HS
Drypetes roxburghii (Wall.) Hurus.; [= Putranjiva roxburghii Wall.],EUPHORBIACEAE,Putrjivak,C/W,AFS
Dysoxylum malabaricum Bedd. ex Hiern,MELIACEAE,Vellakil,W,AFS
Ecbolium viride (Forssk.) Alston; [= E. linneanum Kurz],ACANTHACEAE,"Udajati,; Sahacarah",W,AF
Echinops echinatus Roxb.,ASTERACEAE,Utkanta,W,AFSU
Eclipta prostrata (L.) L.; [= E. alba Hassk.],ASTERACEAE,Bhringaraj,W,AFS
Elaeocarpus sphaericus (Gaertn.) K.Schum.; [ = E. ganitrus Roxb.],ELAEOCARPACEAE,Rudraksh,C/W,AF**
Elephantopus scaber L.,ASTERACEAE,Gjihiva,W,AFS
Elettaria cardamomum Maton,ZINGIBERACEAE,"Elachi Chhoti,; Ilaychi",C/W,A
Eleutherococcus senticosus,ARALIACEAE,Ginseng,I,W
Embelia ribes Burm.f.,MYRSINACEAE,"Vaividang,; Vidanga",W,AFHSTU
Embelia tsjeriam-cottam (Roem.,MYRSINACEAE,Vaividang,W,AF
Emblica officinalis Gaertn.; [= Phyllanthus emblica L.],EUPHORBIACEAE,"Amla, Anwala",W/C,AFSTU
Emilia sonchifolia (L.) DC.,ASTERACEAE,Muyalcheviyan,W,AFS
Enicostemma axillare (Lam.) Raynal; [ = E. littorale non Blume;,GENTIANACEAE,Mamejava,W,AFS
Entada pursaetha DC.; [= E. rheedii Spreng.;,MIMOSACEAE,Yaanai; Kazharchi; Kaai,W,F**
Ephedra equisetina Bunge,EPHEDRACEAE,Somalatha; (Subs.),W,F
Ephedra gerardiana Wall. ex J.A. Mey,EPHEDRACEAE,Somalatha,W,AH
Ephedra intermedia Schr. & Mey,EPHEDRACEAE,Somalatha,W,F
Ephedra sinica Stapf,EPHEDRACEAE,Ephedra,W,F
Equisetum arvense L.,EQUISETACEAE,"Bottle brush,; Horse tail",W,FW
Erythrina suberosa Roxb.,FABACEAE,"Pangra,; Vellaimurukku",W,FS
Erythrina variegata L.; [= E. indica Lam.],FABACEAE,Murikkila,C/W,AFST
Eucalyptus citriodora Hook.,MYRTACEAE,Eucalyptus,C,F
Eucalyptus globulus Labill,MYRTACEAE,Eucalyptus,C,AFHSW
Eulaliopsis binata (Retz.) C.E.Hubb.,POACEAE,Bal vaja,W,A
Eulophia campestris Wall. ex Lindl.,ORCHIDACEAE,Salam mishri,W,AU
Euphorbia antiquorum L.,EUPHORBIACEAE,Kallippalaveru,W,AFSU**
Euphorbia hirta L.,EUPHORBIACEAE,"Dudhi, Dudhika",W,AFSU
Euphorbia neriifolia L.,EUPHORBIACEAE,"Pattankisend,; Nanda",C/W,AFSTU
Euphorbia nivulia Buch.-Ham.,EUPHORBIACEAE,Sehunda,W,AFS
Euphorbia thymifolia L.,EUPHORBIACEAE,Choti - Dudhi,W,AFU
Euphorbia tirucalli L.,EUPHORBIACEAE,Modu kalli,C,AFSU
Euphorbia tortilis Rottler ex Ainslie,EUPHORBIACEAE,"Tirugakalli,; Vajratunda",W,AS
Euryale ferox Salisb. ex K.D.Koenig,NYMPHAEACEAE,Phoolmakhana,C/W,ASU
Evolvulus alsinoides (L.) L.,CONVOLVULACEAE,"Shankhavali,; Shankhpush",W,AFSTU
Excoecaria agallocha L.,EUPHORBIACEAE,"Agaru, Tejbala",W,AFS
Fagonia cretica L.,ZYGOPHYLLACEAE,Dhamasa,W,ATU
Ferula assa-foetida L.,APIACEAE,"Hingu, Hing",I,AFHSU
Ferula foetida (Bunge) Regel.,APIACEAE,Hing hira; (Baandani),I,ASTU
Ferula jaeschkeana Vatke,APIACEAE,"Hingupatri,",W,A
Ferula narthex Boiss.,APIACEAE,Sahasravedhi,W,AFHU
Ficus arnottiana (Miq.) Miq.,MORACEAE,Kallaltholi,W,AFS
Ficus benghalensis L.,MORACEAE,"Vadachhal,; Vatathwak",W/C,AFHSTU
Ficus carica L.,MORACEAE,"Anjeer,; Anjoora",C,AFSU**
Ficus gibbosa Blume,MORACEAE,Ithitholi,W,FS
Ficus mollis Vahl,MORACEAE,Kaaduatthi,W,F
Ficus racemosa L.,MORACEAE,"Umbar chal,; Lakh pipal",C/W,AFSTU
Ficus religiosa L.,MORACEAE,"Lakh pipal,; Arayaalin tholi",C/W,AFHSTU
Ficus tsiela Roxb. ex Buch.-Ham.,MORACEAE,Plaksha,W,AFS
Ficus tsjakela Burm.f.,MORACEAE,"Pilkhan,; Kapitanah",W,A
Flacourtia indica (Burm.f.) Merr.,FLACOURTIACEAE,Kattar,W,AFST
Flacourtia jangomas (Lour.) Raeusch.,FLACOURTIACEAE,"Talish pattar,; Brahmi; Talispatar",W,AS
Flemingia chappar Buch.-Ham.,FABACEAE,Salpan (Subs.),W,F
Flemingia grahamiana Wight & Arn.,FABACEAE,Warrus/ Varus,W,F
Flemingia macrophylla (Willd.),FABACEAE,Varrus / Varus,W,AF
Flemingia semialata Roxb. ex,FABACEAE,Salpan (Subs.),W/C,F
Flickingeria fugax (Rchb.f.) Seidenf.,ORCHIDACEAE,Jivanti,W,F
Flickingeria macraei (Lindl.) Seidenf.; [ = Ephemerantha macraei (Lindl.),ORCHIDACEAE,Jivanti,W,AF
Flickingeria nodosa (Dalz.) Seidenf.; [= Dendrobium macraei,ORCHIDACEAE,Jivanti,W,AF
Flueggea microcarpa Blume,EUPHORBIACEAE,"Dalme, Patali",W,ATag **
Foeniculum vulgare Gaertn.,APIACEAE,"Badiyan; Khatal, Saunf; (Variyali)",C,AFSTUW
Fritillaria roylei Hook.,LILIACEAE,Kakoli,W,A
Fumaria indica (Hauskn.) Pugsley; [ = F. parviflora Lam.],FUMARIACEAE,Shahtara,W,A
Fumaria officinalis L.,FUMARIACEAE,"Pittapapdo; ghas, Pitpapra",I,AFU
Garcinia gummi-gutta (L.) N.Robson; [ = G. cambogia (Gaertn.) Desr.],CLUSIACEAE,"Kokam,; Kodampuli",C/W,A
Garcinia indica (Dup.) Choisy,CLUSIACEAE,"Kokam,; Cambogie",W/C,AT
Garcinia morella (Gaertn.) Desr.,CLUSIACEAE,Kadukaai puli,W,AFHSTU
Garcinia pedunculata Roxb. ex,CLUSIACEAE,Amlavetasa,W,AT
Gardenia gummifera L.f.,RUBIACEAE,"Dekamalli,; Dikamali",W,AFSTU
Gardenia resinifera Roth,RUBIACEAE,Dikamali,W,AS
Garuga pinnata Roxb.,BURSERACEAE,"Ghoghar,; Kharpat",W,AFST
Gentiana kurroo Royle,GENTIANACEAE,"Trahimaan,; Kadu, Katuki",W,ATU
Geophila reniformis D.Don; [ = G. repens (L.) I.M.Johnst],RUBIACEAE,Kakamaci,W,FTag **
Girardinia heterophylla Decne.; [ = G. diversifolia (Link) Friis],URTICACEAE,"Gaddanelli,; Anachoriyan",W,F
Givotia rottleriformis Griff. ex Wight,EUPHORBIACEAE,Polki,W,FS
Glinus lotoides L.,AIZOACEAE,Gandhi-Buti,W,AS
Glinus oppositifolius (L.) A.DC.,AIZOACEAE,Ushnasundara,W,AFS
Gloriosa superba L.,LILIACEAE,Kalihari,C/W,AFSTU
Glossocardia bosvallea (L.f.) DC.,ASTERACEAE,Parpataka,W,A
Glycosmis arborea (Roxb.) DC.,RUTACEAE,"Potali,; Kupilah",W,A
Glycyrrhiza glabra L.,FABACEAE,"Mulathi,; Jeshtimadhu,; Gulegafis",I,AFSTUW
Glycyrrhiza uralensis DC.,FABACEAE,"Mulathi,; Jeshtimadhu,; Gulegafis",I,F
Gmelina arborea Roxb.,LAMIACEAE,"Ghambar chal,; Shivan; (Ghambari); (Chal)",W/C,AFST
Gmelina asiatica L.,VERBENACEAE,Kapas Beej,W,AFS
Gossypium arboreum L.,MALVACEAE,Kapas,C,AFSU
Gossypium herbaceum L.,MALVACEAE,Kapas,C,AFHSTU
Gossypium hirsutum L.,MALVACEAE,Kapas,C,ASW
Gouania microcarpa DC.,RHAMNACEAE,Sinhanbali,W,F**
Grewia elastica Royle; [= Grewia asiatica L. var. vestita Mast.],TILIACEAE,Phalsa chhaal,C/W,A
Grewia microcos L.,TILIACEAE,Asolin,W,F
Grewia subinaequalis DC.; [ = Grewia asiatica Mast. var. asiatica],TILIACEAE,-,W,AFSTU
Gymnema sylvestre R.Br. ex Schult.,ASCLEPIADACEAE,"Gudmar,; Sirukurinja",W,AFHSTU
Habenaria edgeworthii Hook.f.,ORCHIDACEAE,Riddhi,W,A
Hedychium acuminatum Roscoe,ZINGIBERACEAE,Kantapalci,W,F
Hedychium coronarium J.Konig,ZINGIBERACEAE,"Garland; flower,; Common; Ginger Lily",W,S
Hedychium spicatum Sm.; [ = Oldenlandia corymbosa L.],ZINGIBERACEAE,Kapoor kachri,W,AFTU
Hedyotis corymbosa (L.) Lam.,RUBIACEAE,Pitpapra,W,AF
Hedyotis herbacea L.,RUBIACEAE,Pippapada,W,AFH
Hedyotis puberula (G.Don) Arn.; [ = Oldenlandia umbellata L.],RUBIACEAE,Impural,W,AF
Helianthus annuus L.,ASTERACEAE,Sunflower,C,AHSU
Helicteres isora L.,STERCULIACEAE,"Murudshing; ,; Marodphali",W,AFSU
Heliotropium indicum L.,BORAGINACEAE,Thekkada,W,AFSU
Helleborus niger L.,RANUNCULACEAE,Katuka Rohini,I,AFHSU
Hemidesmus indicus (L.) R.Br.,PERIPLOCACEAE,"Anatmool,; Sariwa,",W,AFSTUTag **
Hemionitis arifolia (Burm.) Moore,HEMIONITIDACEAE,"Akhukarni,; Pattsjivi-; Maravara",W,AF
Heracleum candolleanum (Wight &,APIACEAE,Kattumalli; (Subs.),W,F
Heracleum lanatum Michx.,APIACEAE,Krandel,C/W,F
Heracleum rigens DC.,APIACEAE,Cittrelam,W,FS
Hibiscus rosa-sinensis L.,MALVACEAE,"Jashwanti,; Jaswand, Japa",C,AFSU
Hibiscus surattensis L.,MALVACEAE,Ranbhindi,W,FS
Hibiscus tiliaceus L.,MALVACEAE,Parutti,W,AFS
Hippophae rhamnoides L.,ELAEAGNACEAE,Sea Buckthorn,W,F
Hippophae salicifolia D.Don,ELAEAGNACEAE,Sea Buckthorn,C/W,F
Holarrhena pubescens (Buch.-Ham.),APOCYNACEAE,"Inderjao; Kadwa,; Kudacha; l, Kutja",W,AFH
Holoptelea integrifolia (Roxb.) Planch.,ULMACEAE,Aavitholi,W,AFS
Holostemma ada-kodien Schult.; [ = H. annulare (Roxb.) K.Schum.;,ASCLEPIADACEAE,Jeevanti,W,AFTag **
Homonoia riparia Lour.,EUPHORBIACEAE,"Serna,; Pashanbheda; ka",W,AS
Hordeum vulgare L.,POACEAE,Jaw,C,AFSTU
Hugonia mystax L.,LINACEAE,Kamsamrah,W,AFS
Hybanthus enneaspermus (L.f.),VIOLACEAE,"Ratanpurus,; Padmacarini",W,AFS
Hydnocarpus kurzii (King) Warb.,FLACOURTIACEAE,"Nirati,; Chaulmoogra",W,AFS
Hydnocarpus pentandrus,FLACOURTIACEAE,Marotti,W,AFS
Hydrocotyle javanica Thunb.,APIACEAE,Brahma; manduki,W,F
Hygrophila schulli (Buch.-Ham.); [= H. auriculata (Schumach.) Heine;,ACANTHACEAE,Tal makhana,W,AF
Hygroryza aristata (Retz.),POACEAE,Janli dal,W,AF
Hymenodictyon excelsum (Roxb.) Wall.,RUBIACEAE,Kuthan,W,AF
Hyoscyamus muticus L.,SOLANACEAE,Parasikaya,I,A
Hyoscyamus niger L.,SOLANACEAE,Khursani; Ajwain,C/W,AHSUW
Hypericum perforatum L.,HYPERICACEAE,St. John’s; wart,W,HW
Hyssopus officinalis L.,LAMIACEAE,"Zoofa, Jupha",C/W,FUTag **
Ichnocarpus frutescens (L.) W.T.Aiton,APOCYNACEAE,"Dudhi, Sariva",W,AFST
Illicium griffithii Hook.f. & Thomson,MAGNOLIACEAE,Star; Anise; (Subs.),W,AS
Illicium verum Hook.f.,MAGNOLIACEAE,Star Anise,I,AS
Imperata cylindrica (L.) Raeusch.,POACEAE,Thatch grass,W,AFS
Indigofera tinctoria L.,FABACEAE,"Akika, Avuri",C,AFHSTU
Inula racemosa Hook.f.,ASTERACEAE,"Pushkarmool,; Pokharmool",C,AFT
Inula royleana DC.,ASTERACEAE,Pushkarmool,W,A
Ipomoea mauritiana Jacq.; [ = I. digitata L.],CONVOLVULACEAE,Palmudhukkan; kizhangu,W,AF
Ipomoea nil (L.) Roth,CONVOLVULACEAE,Kaladana,W,AFS
Ipomoea obscura Ker-Gawl.,CONVOLVULACEAE,Laksmana,W,AFS
Ipomoea pes-caprae (L.) R.Br.; [ = I. biloba Forssk.],CONVOLVULACEAE,Dopatilata,W,AFS
Ipomoea pes-tigridis L.,CONVOLVULACEAE,Pulichuvadan,W,AFS
Ipomoea petaloidea Choisy,CONVOLVULACEAE,Vrddhadaru,W,F
Ipomoea reptans Poir.,CONVOLVULACEAE,Kalashaka,C/W,A
Ipomoea sepiaria Roxb.,CONVOLVULACEAE,Thiruthaali,W,AFS
Iris germanica L.,IRIDACEAE,Puskaramulam Herb,W,AHTU
Ixora coccinea L.,RUBIACEAE,Thechippoovu,W,AFS
Jasminum angustifolium (L.) Thunb.,OLEACEAE,Ban-mallika,C/W,AFS
Jasminum grandiflorum L.,OLEACEAE,Chameliphool,C/W,AFSTUTag **
Jasminum officinale L.,OLEACEAE,Ban chameli,C/W,AFHU
Jasminum sambac (L.) Aiton,OLEACEAE,"Mallika,; Mogra",C/W,AFSTU
Jatropha curcas L.,EUPHORBIACEAE,Nepalam seed,C,AFHSU
Juglans regia L.,JUGLANDACEAE,Akhrot,C/W,AFHSTU
Juniperus communis L.,CUPRESSACEAE,Hauber,W,AHTUW
Juniperus macropoda Boiss.,CUPRESSACEAE,Hapusa,W,A
Jurinea macrocephala DC.; [ = J. dolomiaea Boiss.],ASTERACEAE,Dhoop,W,AF
Justicia gendarussa Burm.f.; [ = Gendarussa vulgaris Nees],ACANTHACEAE,Nilanirgundi,C/W,AFSU
Kaempferia galanga L.,ZINGIBERACEAE,"Kachora,; Narkachur,; Kapoor Kachri; No 1",C,AFS
Kaempferia rotunda L.,ZINGIBERACEAE,Bhuichampa,C,AFS
Kalanchoe laciniata (L.) DC.,CRASSULACEAE,Hemsagara,W,AS
Kedrostis rostrata (Rottler) Cogn.,CUCURBITACEAE,Arunkovai,W,FS
Lagenaria siceraria (Molina) Standley,CUCURBITACEAE,Bottlegourd,C,AFSTU
Lagerstroemia speciosa (L.) Pers.,LYTHRACEAE,Jarul,W,AFTag **
Lagotis glauca Gaertn.,SCROPHULARIACEAE,Kutki; (Adulterant),W,F
Lallemantia royleana (Wall. ex,LAMIACEAE,Tukhm; e-; Balanga,C/W,FU
Lannea coromandelica (Houtt.) Merr.,ANACARDIACEAE,Jingini,C/W,AF
Lantana camara L.,VERBENACEAE,Lantana,W,A
Lathyrus sativus L.,FABACEAE,"Lakh, Khesari",C,AHU
Laurus nobilis L.,LAURACEAE,Hub-ul-ghar,I,FU
Lavandula stoechas L.,LAMIACEAE,Ustakuthus,W,U
Lawsonia inermis L.,LYTHRACEAE,"Henna,; Mehndi",C,AFSTU
Lepidium sativum L.,BRASSICACEAE,"Kurassaan; i, Halam",W,AFSU
Leptadenia reticulata (Retz.),ASCELPIADACEAE,Jivanti,W,AFST
Leucas aspera (Willd.) Link,LAMIACEAE,"Dronpushpi,; Dharanpushpi",W,AFHS
Lilium polyphyllum D.Don,LILIACEAE,Kakoli,W,A
Limonia acidissima L.; [ = Feronia elephantum Correa;,RUTACEAE,Wood apple,C/W,AFSU
Linum usitatissimum L.,LINACEAE,Alsi,C,AFHSTUW
Litsea glutinosa (Lour.) C.B.Rob.; [ = L. chinensis Lam.],LAURACEAE,"Menda Lakadi,; Naramamidi,; Maidachal",W,AFS
Lobelia nicotianaefolia Roth ex,LOBELIACEAE,Lobelia leaves,W,AFS
Lodoicea maldivica (J.F.Gmel.),ARECACEAE,Dariai narial,I,AFU
Luffa acutangula (L.) Roxb.,CUCURBITACEAE,Tori,C,AFHSTUTag **
Luffa aegyptiaca Mill.,CUCURBITACEAE,Ghia- tori,C,AFU
Luffa echinata Roxb.,CUCURBITACEAE,Loofah,W,AFHST
Luvunga scandens (Roxb.) Buch.-Ham.,RUTACEAE,Sugandh-; kokila,W,A
Lycopodium clavatum L.,LYCOPODIACEAE,Foxtail,W,FH
Lygodium flexuosum (L.) Sw.,LYGODIACEAE,Tsjeru-Valli-; Panna,W,F
Madhuca indica J.F.Gmel.; [ = Bassia latifolia Roxb.],SAPOTACEAE,Madhuka,W,AFST
Madhuca longifolia (J.Konig ex L.),SAPOTACEAE,Mahua phool,C/W,AFS
Mahonia leschenaultia (Wall. ex,BERBERIDACEAE,Daruharidra,W,F
Malaxis acuminata D.Don,ORCHIDACEAE,Jivak,W,A
Malaxis muscifera (Lindl.) Kuntze,ORCHIDACEAE,Rsabhakah,W,A
Mallotus philippensis (Lam.) Mull.-Arg.,EUPHORBIACEAE,Kameela,W,AFHSU
Malva sylvestris L.,MALVACEAE,"Khawaj; i,; Khubaj",C/W,FU
Mammea suriga (Buch.-Ham.,CLUSIACEAE,Nagakesr(subs.; i; ),W,AF
Mangifera indica L.,ANACARDIACEAE,Aamba,C/W,AFHSTU
Mappia foetida (Wight) Miers; [ = Nothapodytes nimmoniana,ICACINACEAE,Ghanera,W,W
Maranta arundinacea L.,MARANTACEAE,Citalapattiri,C,AFS
Marsdenia roylei Wight,ASCLEPIADACEAE,Murva,W,A
Marsdenia tenacissima (Roxb.) Moon,ASCELPIADACEAE,Nishod sufed,W,A**
Marsdenia volubilis (L.f.) T.Cooke; [ = Wattakaka volubilis (L.f.) Stapf;,ASCELPIADACEAE,Murva,W,A
Marsilea quadrifolia L.,MARSILEACEAE,Cupatiya,W,AS
Martynia annua L.,PEDALIACEAE,Kaknasa,W,AFS
Maytenus emarginata (Willd.),CELASTRACEAE,Kattangi,W,F
Meconopsis aculeata Royle,PAPAVERACEAE,Kunda,W,F
Medicago sativa L.,FABACEAE,Alfalfa,C,AHUW
Melastoma malabathricum L.,MELASTOMATACEAE,"Palore,; Nakkukaruppa; n",W,AFS
Melia azedarach L.,MELIACEAE,Bakayan phal,W/C,AFSTU
Melocanna bambusoides Trin.,POACEAE,Bansalochan,W,F
Mentha aquatica L.,LAMIACEAE,Watermint,I,F
Mentha arvensis L.,LAMIACEAE,"Pudina,; Podina pati",C,AFSUW
Mentha piperita L.,LAMIACEAE,"Menthol,; Peppermint",C,HUW
Mentha viridis (L. ) L.,LAMIACEAE,Pudino,C,F
Merremia emarginata (Burm.f.),CONVOLVULACEAE,"Underkarni,; Mooshkarni",W,AS
Merremia hederacea (Burm.f.) Hallier f.,CONVOLVULACEAE,Kudici-Valli,W,FS
Merremia tridentata (L.) Hallier f.,CONVOLVULACEAE,Prasarani,W,AFS
Merremia umbellata (L.) Hallier f.,CONVOLVULACEAE,Jalap (Subs.),C,FTag **
Mesua ferrea L.; [= M. nagassarium (Burm.f.) Kosterm.],CLUSIACEAE,"Nagakesari,; Nagkeshar",W,AFHSTU
Michelia champaca L.,MAGNOLIACEAE,Champaka,C/W,AFST
Micromeria biflora (Buch.-Ham. ex,LAMIACEAE,Indian Wild; Thyme,W,F
Mimosa pudica L.,MIMOSACEAE,"Lajwanti,; Lajjalu",W,AFST
Mimusops elengi L.,SAPOTACEAE,Bakul,W/C,AFSTU
Mirabilis jalapa L.,NYCTAGINACEAE,Gulabash,C/W,AFSU
Mitragyna parvifolia (Roxb.) Korth.,RUBIACEAE,Kadamb,C/W,AFS
Mollugo cerviana Ser.,MOLLUGINACEAE,Parpata,W,AFS
Mollugo pentaphylla L.,MOLLUGINACEAE,Turapoondu,W,FS
Momordica charantia L.,CUCURBITACEAE,Karela,C,AFSTU
Momordica dioica Roxb. ex Willd.,CUCURBITACEAE,Jangli-Kareli,W/C,AFS
Monochoria hastaefolia C.Presl.,PONTEDERIACEAE,Karinkuvalum,W,A
Monochoria vaginalis (Burm.f.) C.Presl.,PONTEDERIACEAE,Kolai,W,AFS
Morchella esculenta Pers.,HELVELLACEAE,Guchhi,W,F
Morinda citrifolia L.,RUBIACEAE,Canary wood,W,AFS
Morinda pubescens J.E.Sm.; [= M. coreia Buch.-Ham.;,RUBIACEAE,Manjanatthi,W,AFS
Moringa concanensis Nimmo ex,MORINGACEAE,Kadvo saragvo Tree,W,AST**
Moringa oleifera Lam.,MORINGACEAE,Sahenjana; chaal,C/W,AFSTU
Morus alba L.,MORACEAE,Toot,C,AFSU
Mucuna pruriens (L.) DC.; [= M.prurita Hook.],FABACEAE,"Kavach beej,; Kaunch beej",W/C,AFHSTU
Mucuna utilis Wall. ex Wight; [= M. cochinchinensis Cheval],FABACEAE,"Kavach beej,; Kaunch (Subs.)",C,F
Mukia maderaspatana (L.) M.Roem.; [= Melothria maderaspatana (L.) Cogn.],CUCURBITACEAE,Mucukkai,W,AFS
Murraya koenigii (L.) Spreng.,RUTACEAE,Kariveppila,C/W,AFS
Musa sapientum L.,MUSACEAE,Kadali,W,ASU
Mussaenda frondosa L.,RUBIACEAE,Sribati,W,AFS
Myrica esculenta Buch.-Ham. ex D.Don; [ = M. nagi auct. non Thunb.],MYRICACEAE,"Katphala,; Kaiphal",W,AFSTU
Myristica dactyloides auct. non Gaertn.,MYRISTICACEAE,"Jaiphal,; Javatri,; Nutmeg",W,AS
Myristica fragrans Houtt.,MYRISTICACEAE,Jatipatre,C,AFHSTUW
Myristica malabarica Lam.,MYRISTICACEAE,Rampatri,W,AFS
Myrsine africana L.,MYRSINACEAE,"Chapra,; Vidanga",W,AU
Myrsine capitellata Wall.,MYRSINACEAE,Vidanga (Subs.) Shrub,W,F
Myxopyrum serratulum A.W.Hill,OLEACEAE,Chathuravalli,W,AF
Nardostachys jatamansi (D.Don) DC.,VALERIANACEAE,"Balchad,; Jatamansi",W,ATag **
Naringi crenulata (Roxb.) Nicolson,RUTACEAE,Kadunimba,W,AF
Nelumbo nucifera Gaertn.,NELUMBONACEAE,Kamal phul,W/C,AFSTU
Nepeta cataria L.,LAMIACEAE,Badranjboya,C/W,FUW
Nepeta hindostana (B.Heyne ex,LAMIACEAE,Badranjboya,W,FU
Nerium oleander L.; [ = N. indicum Mill.],APOCYNACEAE,"Oleander,; Kaner",W/C,AFH
Nervilia aragoana Gaudich.,ORCHIDACEAE,Sthalapadma,W,A
Nervilia plicata (Andrews) Schltr.,ORCHIDACEAE,Padmacarini,W,AF
Nicotiana tabacum L.,SOLANACEAE,Tambaku,C,AFHSU
Nigella sativa L.,RANUNCULACEAE,"Jeera (Black),; Kalongi",C,AFSU
Nilgirianthus ciliatus (Nees) Bremek.; [= Strobilanthes ciliatus Nees],ACANTHACEAE,"Kurinji, Karvi",W,A
Nilgirianthus heyneanus (Nees) Bremek.,ACANTHACEAE,Kurinji (Subs.),W,F
Nyctanthes arbor-tristis L.,OLEACEAE,Paruatak pan,C/W,AFHS
Nymphaea alba L.,NYMPHAEACEAE,"Neel kamal,; Neelofar",W,ASTU
Nymphaea nouchali Burm.f.,NYMPHAEACEAE,Niloth phal,W/C,AFS
Nymphaea stellata Willd.,NYMPHAEACEAE,Nilofar,W,AFST
Ocimum americanum L.,LAMIACEAE,"Kali tulsi,; Bantulsi",W,AFHS
Ocimum basilicum L.,LAMIACEAE,"Sweet basil, Herb; Kali tulsi,; Bantulsi","Leaf, Whole",
Ocimum gratissimum L.,LAMIACEAE,Ram tulasi Shrub,Whole Plant,
Ocimum kilimandscharicum Gurke,LAMIACEAE,Karpoora Shrub; tulasi,Whole Plant,
Ocimum tenuiflorum L.; [= O. sanctum L.],LAMIACEAE,Tulasi Herb,"Leaf, Fruit",
Olea dioica Roxb.,OLEACEAE,"Koli, Itala, Tree; Edala",Bark (Stem),
Onosma bracteatum Wall.,BORAGINACEAE,Gule-Gazbaan Herb,"Flower, Leaf",
Onosma echioides L.,BORAGINACEAE,Ratanjot Herb,Root,
Onosma hispidum Wall. ex G.Don,BORAGINACEAE,Ratan jot Herb,Root,
Operculina turpethum (L.) J.Silva Manso; [= Merremia turpethum (L.) Shah & Bhat],CONVOLVULACEAE,Nishoth Climber,"Root, Stem",
Orchis mascula (L.) L.,ORCHIDACEAE,Salam misri Herb,Root,
Origanum majorana L.,LAMIACEAE,"Gandhira, Herb; Sweet; Marjoram",Whole Plant,
Oroxylum indicum (L.) Benth. ex Kurz,BIGNONIACEAE,"Tetuchaal, Arlu Tree",Bark,
Orthosiphon glabratus Benth.,LAMIACEAE,Pratanika Herb,Whole Plant,
Oryza sativa L.,POACEAE,"Aval, Herb; Akki,; Thavidu",Fruit (Grains),
Oxalis corniculata L.,OXALIDACEAE,Puliyaarila Herb,"Whole Plant,",**
Pachygone ovata (Poir.) Miers ex,MENISPERMACEAE,"Kadukkod; i, Pedda; Dusar tree",W,F
Paederia foetida L.,RUBIACEAE,Prasaarani,W,A
Paederia scandens (Lour.) Merr.,RUBIACEAE,Prasaarani,W,F
Paeonia emodi Wall. ex Royle,PAEONIACEAE,Ud saleev,W,AU
Panax ginseng C.A.Mey.,ARALIACEAE,Ginseng,I,W
Panax pseudoginseng Wall.,ARALIACEAE,Ginseng,W,FHW
Pandanus fascicularis Lam.,PANDANACEAE,"Kewada,; Ketaki",W,AF
Papaver somniferum L.,PAPAVERACEAE,"Postdan; a,; Khaskh",C,AFHSUW
Paris polyphylla Sm.,MELANTHIACEAE,"Daiswa; as; paris,; Svetavaca",W,A
Parmelia kamstchadalis Ach.,PARMELIACEAE,Chadela; Dagadphool; (Subs.),W,F
Parmelia perforata Ach.,PARMELIACEAE,Chadela; Dagadphool; (Subs.),W,AU
Parmelia perlata (Huds.) Ach.,PARMELIACEAE,Chadela; Dagadphool; (Subs.),W,ASTU
Passiflora foetida L.,PASSIFLORACEAE,Foul passiflora Climber,W,AFS
Passiflora incarnata L.,PASSIFLORACEAE,Passion flower Climber,C/W,HW
Pavonia odorata Willd.,MALVACEAE,"Moramasi,; Sugandhabala",W,AFST
Pavonia zeylanica (L.) Cav.,MALVACEAE,Sitranmuttiver Herb,C/W,AFS
Pedalium murex L.,PEDALIACEAE,Gokhru bada,W,AFSU
Peganum harmala L.,ZYGOPHYLLACEAE,Harmal,W,AFSU**
Pentapetes phoenicea L.,STERCULIACEAE,"Dopohoria,; Pushparakta",C/W,AFS
Pergularia daemia (Forssk.) Choiv.,ASCLEPIADACEAE,Atrilal,W,AFS
Pericampylus glaucus (Lam.) Merr.,MENISPERMACEAE,Barakkanta,W,F
Peristrophe bicalyculata (Retz.) Nees,ACANTHACEAE,Atrilal,W,F
Peucedanum grande (Dalzell &,APIACEAE,Baphli,W,AU
Phoenix dactylifera L.; var. pedunculata Becc.,ARECACEAE,Khajur,C,AFSU
Phoenix loureirii Kunth; [= P. humilis Royle; var. pedunculata Becc.],ARECACEAE,Sitreechu,W,S
Phoenix pusilla Gaertn.; [= P. farinifera Roxb.],ARECACEAE,Chitteenth,W,AF
Phoenix sylvestris (L.) Roxb.,ARECACEAE,Khajur,C/W,AFST
Phyla nodiflora (L.) Greene,VERBENACEAE,"Chota-okra,; Jalpippali",W,AFS
Phyllanthus amarus Schumach. & Thonn.; [= P. fraternus Webst.],EUPHORBIACEAE,Bhumiamla,W/C,AFS
Phyllanthus debilis Klein ex Willd.,EUPHORBIACEAE,Bhumiamla,W,F
Phyllanthus maderaspatensis L.,EUPHORBIACEAE,Kanocha,W,AFSU
Phyllanthus reticulatus Poir.; [ = Kirganelia reticulata (Poir.) Baill.],EUPHORBIACEAE,Buinowla,W,AFS**
Phyllanthus urinaria L.,EUPHORBIACEAE,Lal-Bhuin-; Anvalah,W,AS
Phyllanthus virgatus G.Forst.,EUPHORBIACEAE,Niruri,W,F
Phyllostachys bambusoides Sieb. & Zucc.,POACEAE,Banslochan; (Subs.),W,F
Physalis minima L.,SOLANACEAE,"Tulatipati,; Tankari",W,AFST
Physochlaina praealta (Decne.) Miers,SOLANACEAE,"Lal tang,; Bajar; Bang",W,F
Picrasma quassioides (D.Don) Benn.,SIMAROUBACEAE,"Bharangi,; Kadavi",W,AU
Picrorhiza kurroa Royle ex Benth.,SCROPHULARIACEAE,Kutaki,W,AFSTU
Picrorhiza scrophulariiflora Pennell,SCROPHULARIACEAE,Kutki,W,A
Pimpinella anisum L.,APIACEAE,"Ajamoda,; Badiyan; Khathayi",C/W,AHSUW
Pinus roxburghii Sarg.,PINACEAE,Gandabiroja,W,AFSTU
Piper betle L.,PIPERACEAE,Betle,C,AFSTU
Piper chaba Hunter; [= P. retrofractum Vahl.],PIPERACEAE,"Kabab; chini,; Chavya,; Gajpippal",I,ATU
Piper cubeba L.f.,PIPERACEAE,Tailed pepper,I,AFHSTUW
Piper longum L.,PIPERACEAE,"Pipal, Thippili,; Pippali",W/C,AFSTU
Piper nigrum L.,PIPERACEAE,"Pipal Gol,; Kalimirch",C/W,AFHSTU
Piper peepuloides Roxb.,PIPERACEAE,Pippali (Subs.),W,F**
Piper wallichii (Miq.) Han.-Mazz.; var. integerrima Brandis,PIPERACEAE,Renukbeej; (Nagodbee; j),W,AF
Pistacia integerrima Stew. ex Brand.; [= P. chinensis Bunge; var. integerrima Brandis],PISTACIACEAE,Kakarsinghi,W,A
Pistacia lentiscus L.,PISTACIACEAE,"Rumimasta; gi, Mastangi",I,ASU
Pistacia vera L.,PISTACIACEAE,Magaj; Pista; Irani,I,AU
Plantago lanceolata L.,PLANTAGINACEAE,"Baltanga,; English; plantain",W,AU
Plantago major L.,PLANTAGINACEAE,Lahuriya,W,AHSU
Plantago ovata Forssk.,PLANTAGINACEAE,Isabgol,C,AFSUW
Plectranthus amboinicus (Lour.) Spreng.,LAMIACEAE,Patharcur,C,A
Plectranthus barbatus Andrews; [= Coleus forskohlii (Poir.) Briq.],LAMIACEAE,Gandhira,C/W,AF
Plectranthus vettiveroides (Jacob),LAMIACEAE,Vettiver,C,AS
Pleurospermum angelicoides (DC.),APIACEAE,-,W,F
Pluchea lanceolata (DC.) Oliv. & Hiern,ASTERACEAE,Rasna,W,AFT
Plumbago indica L.,PLUMBAGINACEAE,Chitrak,C/W,AFS
Plumbago zeylanica L.,PLUMBAGINACEAE,Chitrak,W,AFSTU
Podophyllum hexandrum Royle; [= P. emodi Wall. ex Honig.],BERBERIDACEAE,"Bankakri,; Vanatrapu; si",W,A
Pogostemon cablin (Blanco) Benth.,LAMIACEAE,Patchouli,C,A
Pogostemon heyneanus Benth.,LAMIACEAE,Patchouli Herb,Whole Plant,
Polyalthia longifolia (Sonn.) Thwaites,ANNONACEAE,Ashok (Subs.) Tree,Bark (Stem),
Polygonatum cirrhifolium (Wall.) Royle,LILIACEAE,Meda-m-meda Herb,Root,
Polygonatum multiflorum (L.) All.,LILIACEAE,Solomnons Herb; seal,Root,
Polygonatum verticillatum (L.) All.,LILIACEAE,Meda-m-meda Herb,Root,
Polygonum alatum Buch.-Ham.,POLYGONACEAE,Chonakappulu Herb,Whole Plant,
Polygonum aviculare L.,POLYGONACEAE,Anjabar Herb,"Fruit (Seed),",
Polygonum glabrum Willd.,POLYGONACEAE,Raktha rohitha Herb,Root,
Polygonum punctatum Buch.-Ham.,POLYGONACEAE,Kangani- Herb; machan-; pillu,Whole Plant,
Polygonum viviparum L.,POLYGONACEAE,"Unjwar, Anjbar Herb",Root,
Polypodium vulgare L.,POLYPODIACEAE,Bisphaiz Herb,Root,
Pongamia pinnata (L.) Pierre; [= P. glabra Vent.; Derris indica,FABACEAE,"Honge beej, Tree; Karanji,; pongum; seed","Bark (Stem),",
Portulaca oleracea L.,PORTULACACEAE,Lonika Herb,"Fruit (Seed),",
Potentilla nepalensis Hook.,ROSACEAE,Dori ghas Herb,Root,
Pothos scandens L.,ARACEAE,Bendarli Climber,Leaf,
Premna corymbosa Rottl. & Willd.,VERBENACEAE,Arni Shrub,"Root,",
Premna flavescens Ham.,VERBENACEAE,Arnimool Tree,Bark (Root),
Premna latifolia Roxb.,VERBENACEAE,Bakar Tree,"Root,",**
Premna serratifolia L.; [= P.integrifolia L.],VERBENACEAE,Arnimool/; Agnimantha,W,AFS
Premna tomentosa Willd.,VERBENACEAE,Sonachal,W,FS
Prosopis cineraria (L.) Druce,MIMOSACEAE,"Jhand,; Chonkar",W,AF
Prunus armeniaca L.,ROSACEAE,Chuli,C,AUFTW
Prunus avium (L.) L.,ROSACEAE,"Wild cherry,; Aileya",W,A
Prunus cerasoides D.Don,ROSACEAE,Padamkasht,C/W,AFT
Prunus dulcis (Mill.) D.A.Webb.,ROSACEAE,"Badam,; Magaj; badam",C,AFH
Prunus mahaleb L.,ROSACEAE,"Mahaleb,; Priyangu",C,AU
Pseudarthria viscida (L.) Wight & Arn.,FABACEAE,Moovila,W,AFS
Psidium guajava L.,MYRTACEAE,Gujava,C,FU
Psoralea corylifolia L.,FABACEAE,"Bawachi,; Bavanchi",W,AFHSTU
Pterocarpus marsupium Roxb.,FABACEAE,"Damul-; akhwain,; Vijaysar",W,AFHSTU
Pterocarpus santalinus L.f.,FABACEAE,"Raktachandana; , Lal chandan",W,AFSTU
Pueraria lobata (Willd.) Ohwi,FABACEAE,"Mudgapar; ni,; Surpaparni",C/W,A
Pueraria tuberosa (Roxb. ex Willd.) DC.,FABACEAE,"Vidhari kand,; Vidari,; Patal Kumbha",W,AFTU**
Punica granatum L. var. granatum,PUNICACEAE,"Dadam chal,; Anaar",C/W,AFHSTU
Punica granatum L. var. nana Pers.,PUNICACEAE,Anaar,C,F
Pyrus cydonia L.,ROSACEAE,Bee dana,C,F
Quercus infectoria G.Olivier,FAGACEAE,Majuphal,I,AFSUW
Rauvolfia densiflora (Wall.),APOCYNACEAE,"Sarpagandh; a, Pagal; Buti",W,F
Rauvolfia micrantha Hook.f.,APOCYNACEAE,"Sarpagandh; a, Pagal; Buti",W,F
Rauvolfia serpentina (L.) Benth. ex Kurz,APOCYNACEAE,"Sarpagandh; a, Pagal; Buti",W/C,AFHSTUW
Rauvolfia tetraphylla L.,APOCYNACEAE,Barachandrika,C/W,F
Rhaphidophora pertusa (Roxb.) Schott; [= R. laciniata (Burm.f.) Merr.;,ARACEAE,Ganeshkanda,C/W,AFS
Rheum australe D.Don; [= R. emodi Wall. ex Meissn.],POLYGONACEAE,Revan chini,W,A
Rheum moorcroftianum Royle,POLYGONACEAE,"Revand-chini,; Amlaparni",W,A
Rheum palmatum L.,POLYGONACEAE,Revand-chini,W,ASUW
Rheum spiciforme Royle,POLYGONACEAE,Amlaparni,W,A
Rheum webbianum Royle,POLYGONACEAE,Revand-chini,W,AU
Rhinacanthus nasutus (L.) Kurz,ACANTHACEAE,"Juyiparni,; Vitamallik; ai",C/W,AFS**
Rhododendron anthopogon D.Don,ERICACEAE,Talisapatra,W,A
Rhododendron campanulatum D.Don.,ERICACEAE,Cherailu,W,F
Rhododendron lepidotum Wall.,ERICACEAE,Talisa (Subs.),W,F
Rhus succedanea L.,ANACARDIACEAE,Karkataka; shringi,W,ASTU
Ricinus communis L.,EUPHORBIACEAE,Arand,C/W,AFHSTUW
Rosa alba L.,ROSACEAE,Gulseoti,C,AFSU
Rosa centifolia L.,ROSACEAE,Gulab,C,AFSU
Rosa damascena Mill.,ROSACEAE,"Gulab,; Rose flowers",C,AFHSU
Rosa indica L.,ROSACEAE,Gulab,C,FS
Roscoea alpina Royle,ZINGIBERACEAE,Kshirkakoli,W,F
Roscoea purpurea Sm.,ZINGIBERACEAE,Kshirkakoli,W,F
Rosmarinus officinalis L.,LAMIACEAE,Rosemary,I,FHW
Rotula aquatica Lour.,LYTHRACEAE,Pasanbheda,W,AF
Rourea santaloides Wight & Arn.,CONNARACEAE,Varadara,W,F
Rubia cordifolia L.,RUBIACEAE,"Majith,; Manjist; ha",W,AFSTU
Rubia sikkimensis Kurz,RUBIACEAE,"Naga; madder,; Moyum",W,F
Rumex nepalensis Spreng.,POLYGONACEAE,Yellow dock; (Subs.),W,AHUW
Ruta graveolens L.,RUTACEAE,Sadab,C,AFHSUW
Saccharum munja Roxb.,POACEAE,Amaveru,W,AT
Saccharum officinarum L.,POACEAE,Karumbu,C,AFHSTU
Saccharum spontaneum L.,POACEAE,Kusha,W,AFSTU
Salacia chinensis L.,CELASTRACEAE,Courondi,W,AFS**
Salacia oblonga Wall. ex Wight & Arn.,CELASTRACEAE,Kadalainjil,W,FS
Salacia reticulata Wight,CELASTRACEAE,Pitila,W,AF
Salix tetrasperma Roxb.,SALICACEAE,Indian willow,W,AFSU
Salvadora oleoides Decne.,SALVADORACEAE,Pilu,W,AFU
Salvadora persica L.,SALVADORACEAE,Goni,W,AFSU
Salvia aegyptiaca L.,LAMIACEAE,Balangoo,W,AU
Salvia haematodes L.,LAMIACEAE,Behman,I,FU
Salvia moorcroftiana Wall. ex Benth.,LAMIACEAE,"Tuk; marian,; Tuth",W,F
Salvia plebeia R.Br.,LAMIACEAE,Kachora,W,AS
Salvia sclarea L.,LAMIACEAE,Behman safed,I,U
Santalum album L.,SANTALACEAE,Chandan,W,AFHSTUW
Sapindus emarginatus Vahl.,SAPINDACEAE,"Reetha,; Soapnut",W/C,AFU
Sapindus mukorossi Gaertn.,SAPINDACEAE,Aretha mota,C/W,A
Saraca asoca (Roxb.) W.J.de Wilde,CAESALPINIACEAE,Ashoka,W,AFHS
Sarcostemma viminale (L.) R.Br.; [ = S. acidum (Roxb.) Voigt],ASCLEPIADACEAE,"Soma,; Somalatha",W,A
Saussurea costus (Falc.) Lipsch.; [ = S. lappa (Decne.) Sch.Bip.],ASTERACEAE,"Kuth, Uplet",C/W,AFSTU
Saussurea hypoleuca Spreng. ex DC.,ASTERACEAE,Kuth (Subs.),W,F
Schizachyrium exile (Hochot.) Stapf,POACEAE,Sprkka,W,A
Schleichera oleosa (Lour.) Oken,SAPINDACEAE,Kusum beeja,W,AFS
Schrebera swietenoides Roxb.,OLEACEAE,Ghanti phal,W,AFSTTag **
Scindapsus officinalis (Roxb.) Schott.,ARACEAE,Gaj pipal,W,AFSTU
Securinega leucopyrus (Willd.) Mull.-Arg.; [= Flueggea leucopyrus Willd.],EUPHORBIACEAE,"Hartho,; Bhuriphali",W,AFS
Selinum candollei DC.,APIACEAE,Mura,W,A
Selinum vaginatum (Edgew.) C.B.Clarke,APIACEAE,Butkesh,W,F
Semecarpus anacardium L.f.,ANACARDIACEAE,"Balave,; Bhilavan,; Bhilawa,; Marking nuts",W,AFHSTU
Senna italica Mill.; [ = Cassia italica (Mill.) Lam. ex Andr.;,CAESALPINIACEAE,Nila aavaarai,W,AFH
Sesamum orientale L.; [= S. indicum L.],PEDALIACEAE,Til,C,AS
Sesbania grandiflora (L.) Poir.,FABACEAE,Agase,C,AFSTU
Sesbania speciosa Taub.,FABACEAE,Seemai agathi,W/C,F
Seseli diffusum (Roxb. ex Sm.) Santapau,APIACEAE,"Kirmani,; Ajwain",W,A
Setaria italica (L.) Beauv,POACEAE,Kangni,C,AFSTU**
Shorea robusta Gaertn.,DIPTEROCARPACEAE,Raal,C/W,AFSTU
Sida acuta Burm.f.,MALVACEAE,Bala,W,AFS
Sida cordifolia L.,MALVACEAE,Bala,W,AFST
Sida rhombifolia L.,MALVACEAE,Bala,W,AFS
Silybum marianum (L.) Gaertn.,ASTERACEAE,Milk thistle,C/W,HW
Simmondsia chinensis (Link),SIMMONDSIACEAE,Jojoba,C,W
Sinapis alba L.,BRASSICACEAE,"Safedrai,; Yellow; mustard",C/W,AHS
Sisymbrium irio L.,BRASSICACEAE,Khubkalan,W,AU
Skimmia laureola (DC.) Zucc. ex Walp.,RUTACEAE,"Ner, Patrang,; Barru",W,F
Smilax aspera L.,SMILACACEAE,Chopchi; ni; (Subs.),W,AH
Smilax china L.,SMILACACEAE,Chobchini,I,ASU
Smilax glabra Roxb.,SMILACACEAE,"Chobchini,; Lokhandi",W,A
Smilax zeylanica L.,SMILACACEAE,Chopchi; ni; (Subs.),W,AFS
Solanum anguivi Lam.; [= S. indicum auct. non L.;,SOLANACEAE,Katheli-badhi,W,AS
Solanum melongena L.,SOLANACEAE,Baingan,C,AFSU**
Solanum nigrum L.,SOLANACEAE,"Makoi,; Kakamachi",W,AFHSTU
Solanum torvum Sw.,SOLANACEAE,Padarchunda,C/W,AFS
Solanum trilobatum L.,SOLANACEAE,Alarka,W,AFS
Solanum virginianum L.; [= S. surattense Burm.f.;,SOLANACEAE,Kateli,W,AH
Soymida febrifuga (Roxb.) A.Juss.,MELIACEAE,Rohan,W,AFSTU
Spatholobus roxburghii Benth.,FABACEAE,Mula,W,FS
Spermacoce articularis L.f.,RUBIACEAE,Tukah,W,A
Sphaeranthus africanus L.,ASTERACEAE,Mundi,W,A
Sphaeranthus amaranthoides Burm.,ASTERACEAE,Cevayam,W,FS
Sphaeranthus indicus L.; var. oleracea C.B.Clarke,ASTERACEAE,Gorak mundi,W,AFSTU
Spilanthes oleracea L.; [= S. acmella Murr. var. oleracea,ASTERACEAE,"Akarkara,; Sarahattik; a, Vana-; mugali",C/W,A
Spondias pinnata (L.f.) Kurz,ANACARDIACEAE,Amate,W,AFSTU
Stephania glabra (Roxb.) Miers,MENISPERMACEAE,"Patha,; Rajapat",W,A
Sterculia foetida L.,STERCULIACEAE,"Janlibada; m, Java",W/C,AFSTag **
Sterculia urens Roxb.,STERCULIACEAE,"Karaya,; Kateera",W,AFSW
Stereospermum chelonoides (L.f.) DC.; [= S. suaveolens (Roxb.) DC.],BIGNONIACEAE,Patala,W,AFS
Stereospermum colais (Buch.-Ham.; [= S. personatum (Hassk.) Chatterjee],BIGNONIACEAE,Patala,W,AF
Streblus asper Lour.,MORACEAE,Bajradanti,W,AFS
Strophanthus wightianus Wight,APOCYNACEAE,Naithal; kizhangu,W,F
Strychnos nux-blanda A.W.Hill,LOGANIACEAE,"Kuchla,; Itti beeja; (Subs.)",W,F
Strychnos nux-vomica L.,LOGANIACEAE,"Kuchla,; Itti; beeja",W,AFHSTUW
Strychnos potatorum L.f.,LOGANIACEAE,"Nirmali,; Cleaning; nuts",W,AFSTU
Stylocoryna lucens (Hook.f.) Gamble; [= Tarenna alpestris (Wight) N.P.Balakr.],RUBIACEAE,Paphanals,W,A
Swertia alata (Royle ex D.Don),GENTIANACEAE,Kiratatikta,W,A
Swertia angustifolia Ham.,GENTIANACEAE,Chiraeta; shireen,W,AU
Swertia chirayita (Roxb. ex,GENTIANACEAE,Chiraiyata,W/C,AFH
Symplocos cochinchinensis S.Moore,SYMPLOCACEAE,Lodhra,W,AFS
Symplocos paniculata (Thunb.) Miq.,SYMPLOCACEAE,"Lodhra,",W,AUTag **
Symplocos racemosa Roxb.,SYMPLOCACEAE,Pathani lodh,W,AFSTU
Syzygium aromaticum (L.) Merr.,MYRTACEAE,"Laung, Cloves",C,AFSTUW
Syzygium caryophyllatum (L.) Alston; [= Eugenia caryophyllaea Wight],MYRTACEAE,"Clove, Lavang Tree",W,AFSU
Syzygium cumini (L.) Skeels,MYRTACEAE,Jamun,W/C,AFHSTU
Tabernaemontana divaricata (L.); [= Ervatamia coronaria (Jacq.) Stapf],APOCYNACEAE,Candni,C,AF
Tacca aspera Roxb.; [= T. integrifolia Ker Gawl.],TACCACEAE,Varahikand,W,A
Tagetes erecta L.,ASTERACEAE,"African; Marygold,; Genda,; Sandu",C,AFS
Tagetes minuta L.,ASTERACEAE,Stinking roger,C/W,F
Tamarindus indica L.,CAESALPINIACEAE,Imli,C/W,AFSTU
Tamarix indica Roxb.,TAMARICACEAE,Jhan,W,AFU
Tanacetum vulgare L.,ASTERACEAE,Tansy,I,HW
Taraxacum officinale F.H.Wigg.,ASTERACEAE,"Kanphul,; Dudhal",C/W,AFHW
Taxus wallichiana Zucc.; [= T. baccata L.],TAXACEAE,Talispatra,W/C,AFWTag **
Tecomella undulata (Sm.) Seem.,BIGNONIACEAE,Rohitaka,W,AT
Tectona grandis L.f.,VERBENACEAE,Teak,C/W,AFSTU
Tephrosia purpurea (L.) Pers.,FABACEAE,"Sarad foka,; Sarpankha",W,AFSU
Teramnus labialis (L.f.) Spreng.,FABACEAE,Masparni,W,AFST
Terminalia arjuna (Roxb. ex DC.),COMBRETACEAE,Arjun,W/C,AFHSTU
Terminalia bellirica (Gaertn.) Roxb.,COMBRETACEAE,"Behda,; Bibhitaki",W/C,AFSU
Terminalia chebula Retz.,COMBRETACEAE,"Harda, Himaj",W,AFHSTU
Terminalia crenulata Roth,COMBRETACEAE,Asan,W,AF
Terminalia paniculata Roth,COMBRETACEAE,Vanmaruthu,W,AFS
Terminalia tomentosa (Roxb. ex DC.); [= T. alata Heyne ex Roth],COMBRETACEAE,Asan,W,AST
Thalictrum foliolosum DC.,RANUNCULACEAE,Mamira,W,AFS
Thespesia populnea (L.) Sol. ex Correa,MALVACEAE,Phalisa-Chhal,C,AFSU
Thymus serpyllum L.,LAMIACEAE,"Ban; Ajwain,; Satar Farsi",W,AHU
Tiliacora acuminata (Poir.) Miers ex,MENISPERMACEAE,"Kappatiga,; Bagamushada",C/W,FS
Tinospora cordifolia (Willd.) Miers,MENISPERMACEAE,"Giloy, Galo,; Amrithaballi",W,AFHSTU
Tinospora crispa (L.),MENISPERMACEAE,"Giloy, Galo,; Amrithaballi",W,F
Tinospora sinensis (Lour.) Merr.; [= T. malabarica (Lam.) Hook.f. &,MENISPERMACEAE,Amrata,W,AFSTag **
Toddalia asiatica (L.) Lam.,RUTACEAE,Janglikalimirch Shrub,W,AFS
Toona ciliata M.Roem.; [= Cedrela toona Roxb.],MELIACEAE,Thooniya-; noikam,W,F
Trachyspermum ammi (L.) Sprague,APIACEAE,"Ajmo,; Ajwayan",C,AFSTU
Trachyspermum roxburghianum,APIACEAE,Sath Ajwain,W,AFSU
Tragia involucrata L.,EUPHORBIACEAE,Barhanta,W,AFS
Trapa natans L.,TRAPACEAE,Singhada,C/W,A
Trianthema decandra L.; [= Zaleya decandra (L.) Burm.f.],AIZOACEAE,Saaranai ver,W,AS
Trianthema portulacastrum L.,AIZOACEAE,Lalsabuni,W,AFS
Tribulus alatus Del.,ZYGOPHYLLACEAE,Gokhru kalan,W,FU
Tribulus lanuginosus L.,ZYGOPHYLLACEAE,Gokhru,W,AU
Tribulus rajasthanensis M.M.Bhandari,ZYGOPHYLLACEAE,Gokhru (Subs.) Herb,W,AU
"Tribulus subramanyamii P.Singh,",ZYGOPHYLLACEAE,Gokhru (Subs.) Herb,W,AU
Tribulus terrestris L.,ZYGOPHYLLACEAE,"Gokhru,; Gokshu; ra",W,AFHSTU
Trichodesma zeylanicum (Burm.f.) R.Br.,BORAGINACEAE,Dhadhona,W,AFS
Trichopus zeylanicus Gaertn.,DIOSCOREACEAE,Arogyapacha,W,F
Trichosanthes anguina L.,CUCURBITACEAE,Snakegourd,C,AST
Trichosanthes cordata Roxb.,CUCURBITACEAE,Vidari,W,A
Trichosanthes cucumerina L.,CUCURBITACEAE,Patol; panchang,W,AFS
Trichosanthes dioica Roxb.,CUCURBITACEAE,Patol; (Kadu Parval),C,AFHST
Trichosanthes lobata Roxb.,CUCURBITACEAE,"Patola,; Tiktapatola",W,ATag **
Trichosanthes tricuspidata Lour.; [= T. bracteata (Lam.) Voigt ],CUCURBITACEAE,"Indrayan,; Mahakal",W,AFS
Tridax procumbens L.,ASTERACEAE,Jayanti,W,AFS
Trigonella corniculata (L.) L.,FABACEAE,Kasuri Methi,W/C,AUS
Trigonella foenum-graecum L.,FABACEAE,Methi,C,AFSUW
Tulipa stellata Hook.,LILIACEAE,Meethi; Suranjan,W,F
Tylophora indica (Burm.f.) Merr.; [= T. asthmatica (L.f.) Wight & Arn.],ASCLEPIADACEAE,"Antamul,; Country; Ipecacuahna",W,AFHS
"Typha elephantina Grah., non Roxb.; [= T. australis K.Schum. & Thonn.]",TYPHACEAE,Anaikkorai,W,AFS
Typhonium trilobatum (L.) Schott,ARACEAE,Karunai; kizhangu,W,FS
Uncaria gambier Thwaites,RUBIACEAE,Kath,I,AS
Uraria lagopodioides (L.) DC.,FABACEAE,Kalasi,W,AFSU
Uraria picta (Jacq.) DC.,FABACEAE,Prshniparni,W,AFST
Uraria rufescens (DC.) Schindl.,FABACEAE,Kalasi (Subs.),W,AF
Urginea indica (Roxb) Kunth. [=,LILIACEAE,"Janglipyaz,; White; squills",W,ASU
Urtica dioica L.; var. sublobata (Roxb.) Verdc.,URTICACEAE,Nettle,W,AHW
Valeriana hardwickii Wall.,VALERIANACEAE,"Tagar-ganth,; Nihani",W,AU
Valeriana jatamansi Jones; [= V. wallichii DC.],VALERIANACEAE,"Musakbal; a, Tagar",W,AF
Valeriana pyrolaefolia Decne.,VALERIANACEAE,Mushkaba; la (Subs.),W,ATag **
Vanda tessellata (Roxb.) Hook. ex G.Don,ORCHIDACEAE,Rasna,W,AFSU
Vateria indica L.,DIPTEROCARPACEAE,"Mandadhup; a, Dupa",C/W,AFSU
Ventilago madraspatana Gaertn.,RHAMNACEAE,Pitti,W,AFS
Vernonia cinerea (L.) Less.; [= V. conyzoides DC.],ASTERACEAE,Dandotpala,W,AFSTU
Vetiveria zizanioides (L.) Nash,POACEAE,"Lavancha,; Khas,; Vettiver",W/C,AFHSTU
Vigna mungo (L.) Hepper; [= Phaseolus mungo L.],FABACEAE,Urd,C,AFS
Vigna radiata (L.) R.Wilczek; [= Phaseolus radiatus L.],FABACEAE,Masha,C,AF
Vigna sublobata (Roxb.) Babu & Sharma; [= V. radiata (L.) Wilez; var. sublobata (Roxb.) Verdc.],FABACEAE,Masaparni,C,AS
Vigna vexillata (L.) A.Rich.,FABACEAE,Kattupayar,W,A
Viola canescens Wall.,VIOLACEAE,Banafasha,W,F
Viola cinerea Boiss.,VIOLACEAE,Banafasha; phool,W,A
Viola odorata L.,VIOLACEAE,Banafasha,W/C,AFHU
Viola pilosa Bi.,VIOLACEAE,Banafasha,W,AF
Vitex agnus-castus L.,VERBENACEAE,Chaste tree,I,HU
Vitex altissima L.f.,VERBENACEAE,Myrole,W,FSTag **
Vitex negundo L.,VERBENACEAE,Neergundi,W/C,AFSTU
Vitis vinifera L.,VITACEAE,Draksh,C,AFSTU
Walsura trifoliata (A.Juss.) Harms,MELIACEAE,Valsura,W,FS
Wedelia chinensis (Osbeck) Merr.; [ = W. calendulacea (L.) Less.],ASTERACEAE,Bhangra,C/W,AF
Withania coagulans Dunal,SOLANACEAE,Paneer- dodi,W,AU
Withania somnifera (L.) Dunal,SOLANACEAE,"Ashwagandha,; Asgandha",C/W,AFHSTU
Woodfordia fruticosa (L.) Kurz,LYTHRACEAE,"Dhaiphool,; Dhavadiphool",W,AFSTU
Wrightia arborea (Dennst.) Mabb.,APOCYNACEAE,Kutajah,W,AF
Wrightia tinctoria (Roxb.) R.Br.,APOCYNACEAE,Indrajau,C/W,AFHSU
Xylia xylocarpa (Roxb.) Taub.,MIMOSACEAE,Trumullu,W,AF
Zanthoxylum acanthopodium DC.,RUTACEAE,"Kabab; Khandan,; Tummad",W,ASU
Zanthoxylum armatum DC.,RUTACEAE,Tejbal,W,A
Zanthoxylum nitidum (Roxb.) DC.,RUTACEAE,Kumkumada,W,F
Zanthoxylum rhetsa (Roxb.) DC.,RUTACEAE,"Tejbal,; Triphala",W,AFS
Zea mays L.,POACEAE,Maize,C,AFHSUW
Zehneria umbellata (Klein) Thwaites,CUCURBITACEAE,Karuvikkilann Climber,Root,
Zingiber officinale Roscoe,ZINGIBERACEAE,"Soonth, Sonth Herb","Root,",
Zingiber zerumbet (L.) Roscoe ex Sm.,ZINGIBERACEAE,Narkachur Herb,Fruit,
Ziziphus jujuba (L.) Gaertn.; [= Z. mauritiana Lam.],RHAMNACEAE,Ber Tree,Fruit,
Ziziphus sativa Gaertn.; [= Z. jujuba Mill.; Z. vulgaris Lam.],RHAMNACEAE,Unnab Tree,Fruit,
Ziziphus xylopyrus (Retz.) Willd.,RHAMNACEAE,Ghontaphala Shrub,Fruit,
