transport_id,batch_id,transport_stage,source,destination,vehicle_id,transporter_id,departure_time,arrival_time,status,is_synthetic
TRN-RAW-0001,ASH-2026-001,RAW_TO_PROCESSOR,FARM-001,PROC-001,VEH-001,TRN-001,2026-06-01T13:56:31.745600,2026-06-01T21:18:27.517480,DELIVERED,True
TRN-RAW-0002,ASH-2026-002,RAW_TO_PROCESSOR,FARM-002,PROC-002,VEH-002,TRN-002,2026-06-03T02:42:14.438224,2026-06-03T10:28:16.964326,DELIVERED,True
TRN-RAW-0003,ASH-2026-003,RAW_TO_PROCESSOR,FARM-003,PROC-003,VEH-003,TRN-003,2026-06-04T05:24:25.359314,2026-06-04T09:15:02.388205,DELIVERED,True
TRN-RAW-0004,ASH-2026-004,RAW_TO_PROCESSOR,FARM-004,PROC-004,VEH-004,TRN-004,2026-06-05T18:22:55.984863,2026-06-06T00:12:00.795638,DELIVERED,True
TRN-RAW-0005,ASH-2026-005,RAW_TO_PROCESSOR,FARM-005,PROC-005,VEH-005,TRN-001,2026-06-06T22:19:51.016832,2026-06-07T03:56:12.518003,DELIVERED,True
TRN-RAW-0006,ASH-2026-006,RAW_TO_PROCESSOR,FARM-006,PROC-001,VEH-006,TRN-002,2026-06-07T10:08:19.748181,2026-06-07T12:54:24.167511,DELIVERED,True
TRN-RAW-0007,ASH-2026-007,RAW_TO_PROCESSOR,FARM-007,PROC-002,VEH-007,TRN-003,2026-06-08T22:29:17.092061,2026-06-09T03:41:52.337763,DELIVERED,True
TRN-RAW-0008,ASH-2026-008,RAW_TO_PROCESSOR,FARM-008,PROC-003,VEH-008,TRN-004,2026-06-10T06:46:45.848445,2026-06-10T13:48:50.536226,DELIVERED,True
TRN-RAW-0009,ASH-2026-009,RAW_TO_PROCESSOR,FARM-009,PROC-004,VEH-009,TRN-001,2026-06-11T13:00:34.370851,2026-06-11T15:29:44.258857,DELIVERED,True
TRN-RAW-0010,ASH-2026-010,RAW_TO_PROCESSOR,FARM-010,PROC-005,VEH-010,TRN-002,2026-06-12T20:14:27.845916,2026-06-13T00:41:00.420398,DELIVERED,True
TRN-RAW-0011,ASH-2026-011,RAW_TO_PROCESSOR,FARM-011,PROC-001,VEH-011,TRN-003,2026-06-14T06:28:20.344178,2026-06-14T11:10:48.717052,DELIVERED,True
TRN-RAW-0012,ASH-2026-012,RAW_TO_PROCESSOR,FARM-012,PROC-002,VEH-012,TRN-004,2026-06-14T20:17:22.064408,2026-06-15T03:21:57.235180,DELIVERED,True
TRN-RAW-0013,ASH-2026-013,RAW_TO_PROCESSOR,FARM-013,PROC-003,VEH-001,TRN-001,2026-06-15T23:25:30.166216,2026-06-16T05:08:52.026378,DELIVERED,True
TRN-RAW-0014,ASH-2026-014,RAW_TO_PROCESSOR,FARM-014,PROC-004,VEH-002,TRN-002,2026-06-17T07:28:18.373562,2026-06-17T12:13:54.890795,DELIVERED,True
TRN-RAW-0015,ASH-2026-015,RAW_TO_PROCESSOR,FARM-015,PROC-005,VEH-003,TRN-003,2026-06-18T15:04:04.936584,2026-06-18T18:47:30.043294,DELIVERED,True
TRN-RAW-0016,ASH-2026-016,RAW_TO_PROCESSOR,FARM-001,PROC-001,VEH-004,TRN-004,2026-06-19T23:53:13.494827,2026-06-20T03:05:56.794841,DELIVERED,True
TRN-RAW-0017,ASH-2026-017,RAW_TO_PROCESSOR,FARM-002,PROC-002,VEH-005,TRN-001,2026-06-21T08:14:41.986200,2026-06-21T12:32:12.638754,DELIVERED,True
TRN-RAW-0018,ASH-2026-018,RAW_TO_PROCESSOR,FARM-003,PROC-003,VEH-006,TRN-002,2026-06-21T23:49:02.609352,2026-06-22T04:13:36.380705,DELIVERED,True
TRN-RAW-0019,ASH-2026-019,RAW_TO_PROCESSOR,FARM-004,PROC-004,VEH-007,TRN-003,2026-06-23T08:48:08.494575,2026-06-23T12:37:50.130442,DELIVERED,True
TRN-RAW-0020,ASH-2026-020,RAW_TO_PROCESSOR,FARM-005,PROC-005,VEH-008,TRN-004,2026-06-24T14:13:49.219194,2026-06-24T21:56:08.539883,DELIVERED,True
TRN-RAW-0021,ASH-2026-021,RAW_TO_PROCESSOR,FARM-006,PROC-001,VEH-009,TRN-001,2026-06-25T20:00:11.301651,2026-06-26T02:09:00.551455,DELIVERED,True
TRN-RAW-0022,ASH-2026-022,RAW_TO_PROCESSOR,FARM-007,PROC-002,VEH-010,TRN-002,2026-06-27T07:04:03.081096,2026-06-27T15:01:45.993894,DELIVERED,True
TRN-RAW-0023,ASH-2026-023,RAW_TO_PROCESSOR,FARM-008,PROC-003,VEH-011,TRN-003,2026-06-28T16:23:50.543154,2026-06-28T19:07:57.258805,DELIVERED,True
TRN-RAW-0024,ASH-2026-024,RAW_TO_PROCESSOR,FARM-009,PROC-004,VEH-012,TRN-004,2026-06-29T01:10:42.141644,2026-06-29T04:18:19.182890,DELIVERED,True
TRN-RAW-0025,ASH-2026-025,RAW_TO_PROCESSOR,FARM-010,PROC-005,VEH-001,TRN-001,2026-06-30T09:59:33.615827,2026-06-30T12:29:08.259520,DELIVERED,True
TRN-RAW-0026,ASH-2026-026,RAW_TO_PROCESSOR,FARM-011,PROC-001,VEH-002,TRN-002,2026-07-01T21:23:03.882332,2026-07-02T00:06:20.014793,DELIVERED,True
TRN-RAW-0027,ASH-2026-027,RAW_TO_PROCESSOR,FARM-012,PROC-002,VEH-003,TRN-003,2026-07-03T02:22:10.033012,2026-07-03T10:00:05.545632,DELIVERED,True
TRN-RAW-0028,ASH-2026-028,RAW_TO_PROCESSOR,FARM-013,PROC-003,VEH-004,TRN-004,2026-07-04T10:34:08.730670,2026-07-04T13:58:58.751106,DELIVERED,True
TRN-RAW-0029,ASH-2026-029,RAW_TO_PROCESSOR,FARM-014,PROC-004,VEH-005,TRN-001,2026-07-05T17:46:41.294478,2026-07-06T00:05:21.845695,DELIVERED,True
TRN-RAW-0030,ASH-2026-030,RAW_TO_PROCESSOR,FARM-015,PROC-005,VEH-006,TRN-002,2026-07-06T11:00:15.073473,2026-07-06T17:38:12.745816,DELIVERED,True
TRN-RAW-0031,ASH-2026-031,RAW_TO_PROCESSOR,FARM-001,PROC-001,VEH-007,TRN-003,2026-07-07T18:48:44.325853,2026-07-08T00:02:13.262648,DELIVERED,True
TRN-RAW-0032,ASH-2026-032,RAW_TO_PROCESSOR,FARM-002,PROC-002,VEH-008,TRN-004,2026-07-08T23:48:31.595998,2026-07-09T02:40:24.736089,DELIVERED,True
TRN-RAW-0033,ASH-2026-033,RAW_TO_PROCESSOR,FARM-003,PROC-003,VEH-009,TRN-001,2026-07-10T05:33:56.673202,2026-07-10T11:52:46.447585,DELIVERED,True
TRN-RAW-0034,ASH-2026-034,RAW_TO_PROCESSOR,FARM-004,PROC-004,VEH-010,TRN-002,2026-07-11T16:44:14.708428,2026-07-11T20:35:49.437819,DELIVERED,True
TRN-RAW-0035,ASH-2026-035,RAW_TO_PROCESSOR,FARM-005,PROC-005,VEH-011,TRN-003,2026-07-13T01:52:47.021309,2026-07-13T04:28:44.493070,DELIVERED,True
TRN-RAW-0036,ASH-2026-036,RAW_TO_PROCESSOR,FARM-006,PROC-001,VEH-012,TRN-004,2026-07-13T10:44:41.143827,2026-07-13T15:36:22.986256,DELIVERED,True
TRN-RAW-0037,ASH-2026-037,RAW_TO_PROCESSOR,FARM-007,PROC-002,VEH-001,TRN-001,2026-07-14T21:26:59.873538,2026-07-14T23:31:30.585264,DELIVERED,True
TRN-RAW-0038,ASH-2026-038,RAW_TO_PROCESSOR,FARM-008,PROC-003,VEH-002,TRN-002,2026-07-16T07:32:21.929629,2026-07-16T14:16:20.818814,DELIVERED,True
TRN-RAW-0039,ASH-2026-039,RAW_TO_PROCESSOR,FARM-009,PROC-004,VEH-003,TRN-003,2026-07-17T09:50:09.223629,2026-07-17T15:08:30.376571,DELIVERED,True
TRN-RAW-0040,ASH-2026-040,RAW_TO_PROCESSOR,FARM-010,PROC-005,VEH-004,TRN-004,2026-07-18T21:56:33.902301,2026-07-19T04:10:57.117011,DELIVERED,True
TRN-RAW-0041,ASH-2026-041,RAW_TO_PROCESSOR,FARM-011,PROC-001,VEH-005,TRN-001,2026-07-20T02:41:30.018452,2026-07-20T07:56:55.666832,DELIVERED,True
TRN-RAW-0042,ASH-2026-042,RAW_TO_PROCESSOR,FARM-012,PROC-002,VEH-006,TRN-002,2026-07-20T14:48:14.289650,2026-07-20T17:35:34.496850,DELIVERED,True
TRN-RAW-0043,ASH-2026-043,RAW_TO_PROCESSOR,FARM-013,PROC-003,VEH-007,TRN-003,2026-07-22T02:38:42.922538,2026-07-22T05:42:20.345013,DELIVERED,True
TRN-RAW-0044,ASH-2026-044,RAW_TO_PROCESSOR,FARM-014,PROC-004,VEH-008,TRN-004,2026-07-23T08:38:19.328457,2026-07-23T15:38:44.236018,DELIVERED,True
TRN-RAW-0045,ASH-2026-045,RAW_TO_PROCESSOR,FARM-015,PROC-005,VEH-009,TRN-001,2026-07-24T19:10:57.121839,2026-07-24T23:32:56.321554,DELIVERED,True
TRN-RAW-0046,ASH-2026-046,RAW_TO_PROCESSOR,FARM-001,PROC-001,VEH-010,TRN-002,2026-07-25T23:03:32.145572,2026-07-26T05:22:23.847333,DELIVERED,True
TRN-RAW-0047,ASH-2026-047,RAW_TO_PROCESSOR,FARM-002,PROC-002,VEH-011,TRN-003,2026-07-27T09:45:35.598609,2026-07-27T15:00:26.219215,DELIVERED,True
TRN-RAW-0048,ASH-2026-048,RAW_TO_PROCESSOR,FARM-003,PROC-003,VEH-012,TRN-004,2026-07-27T22:34:07.038040,2026-07-28T04:54:01.690319,DELIVERED,True
TRN-RAW-0049,ASH-2026-049,RAW_TO_PROCESSOR,FARM-004,PROC-004,VEH-001,TRN-001,2026-07-29T03:36:59.547629,2026-07-29T09:12:53.746316,DELIVERED,True
TRN-RAW-0050,ASH-2026-050,RAW_TO_PROCESSOR,FARM-005,PROC-005,VEH-002,TRN-002,2026-07-30T17:03:44.777128,2026-07-31T00:15:18.180759,DELIVERED,True
TRN-RAW-0051,ASH-2026-051,RAW_TO_PROCESSOR,FARM-006,PROC-001,VEH-003,TRN-003,2026-07-31T23:21:41.502911,2026-08-01T05:59:34.354385,DELIVERED,True
TRN-RAW-0052,ASH-2026-052,RAW_TO_PROCESSOR,FARM-007,PROC-002,VEH-004,TRN-004,2026-08-02T03:20:13.046998,2026-08-02T09:28:27.291427,DELIVERED,True
TRN-RAW-0053,ASH-2026-053,RAW_TO_PROCESSOR,FARM-008,PROC-003,VEH-005,TRN-001,2026-08-03T10:36:08.374917,2026-08-03T14:12:33.357600,DELIVERED,True
TRN-RAW-0054,ASH-2026-054,RAW_TO_PROCESSOR,FARM-009,PROC-004,VEH-006,TRN-002,2026-08-04T06:02:30.904242,2026-08-04T11:57:52.166127,DELIVERED,True
TRN-RAW-0055,ASH-2026-055,RAW_TO_PROCESSOR,FARM-010,PROC-005,VEH-007,TRN-003,2026-08-05T14:07:42.170845,2026-08-05T17:36:01.423234,DELIVERED,True
TRN-RAW-0056,ASH-2026-056,RAW_TO_PROCESSOR,FARM-011,PROC-001,VEH-008,TRN-004,2026-08-06T21:10:39.959987,2026-08-07T02:42:35.104483,DELIVERED,True
TRN-RAW-0057,ASH-2026-057,RAW_TO_PROCESSOR,FARM-012,PROC-002,VEH-009,TRN-001,2026-08-08T00:15:12.312502,2026-08-08T04:29:33.616983,DELIVERED,True
TRN-RAW-0058,ASH-2026-058,RAW_TO_PROCESSOR,FARM-013,PROC-003,VEH-010,TRN-002,2026-08-09T12:53:38.914589,2026-08-09T20:45:50.411985,DELIVERED,True
TRN-RAW-0059,ASH-2026-059,RAW_TO_PROCESSOR,FARM-014,PROC-004,VEH-011,TRN-003,2026-08-10T15:33:05.680284,2026-08-10T18:34:16.584602,DELIVERED,True
TRN-RAW-0060,ASH-2026-060,RAW_TO_PROCESSOR,FARM-015,PROC-005,VEH-012,TRN-004,2026-08-11T08:43:15.107664,2026-08-11T11:17:29.619376,DELIVERED,True
TRN-RAW-0061,ASH-2026-061,RAW_TO_PROCESSOR,FARM-001,PROC-001,VEH-001,TRN-001,2026-08-12T15:51:32.302506,2026-08-12T22:10:12.064046,DELIVERED,True
TRN-RAW-0062,ASH-2026-062,RAW_TO_PROCESSOR,FARM-002,PROC-002,VEH-002,TRN-002,2026-08-14T00:29:47.814333,2026-08-14T03:56:13.252383,DELIVERED,True
TRN-RAW-0063,ASH-2026-063,RAW_TO_PROCESSOR,FARM-003,PROC-003,VEH-003,TRN-003,2026-08-15T05:15:03.783325,2026-08-15T11:52:37.512632,DELIVERED,True
TRN-RAW-0064,ASH-2026-064,RAW_TO_PROCESSOR,FARM-004,PROC-004,VEH-004,TRN-004,2026-08-16T14:18:20.206499,2026-08-16T16:50:11.781218,DELIVERED,True
TRN-RAW-0065,ASH-2026-065,RAW_TO_PROCESSOR,FARM-005,PROC-005,VEH-005,TRN-001,2026-08-17T22:17:00.075407,2026-08-18T00:43:53.914247,DELIVERED,True
TRN-RAW-0066,ASH-2026-066,RAW_TO_PROCESSOR,FARM-006,PROC-001,VEH-006,TRN-002,2026-08-18T10:00:18.095128,2026-08-18T12:45:44.589189,DELIVERED,True
TRN-RAW-0067,ASH-2026-067,RAW_TO_PROCESSOR,FARM-007,PROC-002,VEH-007,TRN-003,2026-08-19T19:25:47.084680,2026-08-20T01:46:48.558444,DELIVERED,True
TRN-RAW-0068,ASH-2026-068,RAW_TO_PROCESSOR,FARM-008,PROC-003,VEH-008,TRN-004,2026-08-21T06:36:33.564668,2026-08-21T14:01:15.322250,DELIVERED,True
TRN-RAW-0069,ASH-2026-069,RAW_TO_PROCESSOR,FARM-009,PROC-004,VEH-009,TRN-001,2026-08-22T14:26:18.941062,2026-08-22T16:46:31.479579,DELIVERED,True
TRN-RAW-0070,ASH-2026-070,RAW_TO_PROCESSOR,FARM-010,PROC-005,VEH-010,TRN-002,2026-08-23T20:01:00.377087,2026-08-24T01:32:57.108397,DELIVERED,True
TRN-PLAB-0001,ASH-P-2026-001,PROCESSOR_TO_LAB,PROC-001,LAB-001,VEH-001,TRN-001,2026-06-04T13:20:36.235134,2026-06-04T17:18:35.492347,DELIVERED,True
TRN-PLAB-0002,ASH-P-2026-002,PROCESSOR_TO_LAB,PROC-002,LAB-002,VEH-002,TRN-002,2026-06-07T16:09:19.830509,2026-06-07T18:47:47.982473,DELIVERED,True
TRN-PLAB-0003,ASH-P-2026-003,PROCESSOR_TO_LAB,PROC-003,LAB-003,VEH-003,TRN-003,2026-06-09T12:18:47.788845,2026-06-09T17:22:39.282584,DELIVERED,True
TRN-PLAB-0004,ASH-P-2026-004,PROCESSOR_TO_LAB,PROC-004,LAB-004,VEH-004,TRN-004,2026-06-11T13:27:43.071736,2026-06-11T18:36:48.502084,DELIVERED,True
TRN-PLAB-0005,ASH-P-2026-005,PROCESSOR_TO_LAB,PROC-005,LAB-001,VEH-005,TRN-001,2026-06-14T13:05:55.958824,2026-06-14T17:25:39.600436,DELIVERED,True
TRN-PLAB-0006,ASH-P-2026-006,PROCESSOR_TO_LAB,PROC-001,LAB-002,VEH-006,TRN-002,2026-06-16T14:47:38.434366,2026-06-16T19:52:01.064589,DELIVERED,True
TRN-PLAB-0007,ASH-P-2026-007,PROCESSOR_TO_LAB,PROC-002,LAB-003,VEH-007,TRN-003,2026-06-18T12:52:35.261086,2026-06-18T16:47:15.808814,DELIVERED,True
TRN-PLAB-0008,ASH-P-2026-008,PROCESSOR_TO_LAB,PROC-003,LAB-004,VEH-008,TRN-004,2026-06-23T14:09:40.937336,2026-06-23T17:41:22.811502,DELIVERED,True
TRN-PLAB-0009,ASH-P-2026-009,PROCESSOR_TO_LAB,PROC-004,LAB-001,VEH-009,TRN-001,2026-06-23T12:05:37.413011,2026-06-23T15:12:47.588082,DELIVERED,True
TRN-PLAB-0010,ASH-P-2026-010,PROCESSOR_TO_LAB,PROC-005,LAB-002,VEH-010,TRN-002,2026-06-25T12:35:21.992682,2026-06-25T15:37:12.932346,DELIVERED,True
TRN-PLAB-0011,ASH-P-2026-011,PROCESSOR_TO_LAB,PROC-001,LAB-003,VEH-011,TRN-003,2026-06-28T15:35:08.782022,2026-06-28T18:33:13.230400,DELIVERED,True
TRN-PLAB-0012,ASH-P-2026-012,PROCESSOR_TO_LAB,PROC-002,LAB-004,VEH-012,TRN-004,2026-07-02T12:28:01.511232,2026-07-02T15:47:12.553175,DELIVERED,True
TRN-PLAB-0013,ASH-P-2026-013,PROCESSOR_TO_LAB,PROC-003,LAB-001,VEH-001,TRN-001,2026-07-20T13:07:40.128745,2026-07-20T14:12:03.923545,DELIVERED,True
TRN-PLAB-0014,ASH-P-2026-014,PROCESSOR_TO_LAB,PROC-004,LAB-002,VEH-002,TRN-002,2026-07-01T12:29:26.227208,2026-07-01T16:21:31.125727,DELIVERED,True
TRN-PLAB-0015,ASH-P-2026-015,PROCESSOR_TO_LAB,PROC-005,LAB-003,VEH-003,TRN-003,2026-07-27T16:58:50.806932,2026-07-27T19:28:05.296361,DELIVERED,True
TRN-PLAB-0016,ASH-P-2026-016,PROCESSOR_TO_LAB,PROC-001,LAB-004,VEH-004,TRN-004,2026-07-31T15:30:25.747711,2026-07-31T17:00:50.879977,DELIVERED,True
TRN-PLAB-0017,ASH-P-2026-017,PROCESSOR_TO_LAB,PROC-002,LAB-001,VEH-005,TRN-001,2026-08-03T14:28:32.644158,2026-08-03T17:54:05.732994,DELIVERED,True
TRN-PLAB-0018,ASH-P-2026-018,PROCESSOR_TO_LAB,PROC-003,LAB-002,VEH-006,TRN-002,2026-08-06T16:50:24.946021,2026-08-06T21:27:17.621242,DELIVERED,True
TRN-PLAB-0019,ASH-P-2026-019,PROCESSOR_TO_LAB,PROC-004,LAB-003,VEH-007,TRN-003,2026-08-12T13:07:54.295082,2026-08-12T14:28:20.346489,DELIVERED,True
TRN-PLAB-0020,ASH-P-2026-020,PROCESSOR_TO_LAB,PROC-005,LAB-004,VEH-008,TRN-004,2026-08-15T15:19:20.786893,2026-08-15T19:00:34.234488,DELIVERED,True
TRN-PLAB-0021,ASH-P-2026-021,PROCESSOR_TO_LAB,PROC-001,LAB-001,VEH-009,TRN-001,2026-07-11T15:18:03.030264,2026-07-11T20:30:37.364226,DELIVERED,True
TRN-PLAB-0022,ASH-P-2026-022,PROCESSOR_TO_LAB,PROC-002,LAB-002,VEH-010,TRN-002,2026-08-21T14:15:20.742143,2026-08-21T16:14:07.868182,DELIVERED,True
TRN-PLAB-0023,ASH-P-2026-023,PROCESSOR_TO_LAB,PROC-003,LAB-003,VEH-011,TRN-003,2026-08-25T16:19:59.429502,2026-08-25T18:23:55.664940,DELIVERED,True
TRN-PLAB-0024,ASH-P-2026-024,PROCESSOR_TO_LAB,PROC-004,LAB-004,VEH-012,TRN-004,2026-06-05T14:04:17.986483,2026-06-05T19:59:46.417331,DELIVERED,True
TRN-PLAB-0025,ASH-P-2026-025,PROCESSOR_TO_LAB,PROC-005,LAB-001,VEH-001,TRN-001,2026-06-08T15:59:20.719218,2026-06-08T17:33:45.404389,DELIVERED,True
TRN-PLAB-0026,ASH-P-2026-026,PROCESSOR_TO_LAB,PROC-001,LAB-002,VEH-002,TRN-002,2026-06-12T15:04:28.858648,2026-06-12T18:58:20.609424,DELIVERED,True
TRN-PLAB-0027,ASH-P-2026-027,PROCESSOR_TO_LAB,PROC-002,LAB-003,VEH-003,TRN-003,2026-06-16T16:36:15.664714,2026-06-16T22:18:04.547103,DELIVERED,True
TRN-PLAB-0028,ASH-P-2026-028,PROCESSOR_TO_LAB,PROC-003,LAB-004,VEH-004,TRN-004,2026-07-18T13:41:52.734694,2026-07-18T17:41:48.881580,DELIVERED,True
TRN-PLAB-0029,ASH-P-2026-029,PROCESSOR_TO_LAB,PROC-004,LAB-001,VEH-005,TRN-001,2026-06-23T12:45:20.200207,2026-06-23T16:26:09.712985,DELIVERED,True
TRN-PLAB-0030,ASH-P-2026-030,PROCESSOR_TO_LAB,PROC-005,LAB-002,VEH-006,TRN-002,2026-06-27T12:36:09.244449,2026-06-27T16:07:55.538562,DELIVERED,True
TRN-PLAB-0031,ASH-P-2026-031,PROCESSOR_TO_LAB,PROC-001,LAB-003,VEH-007,TRN-003,2026-07-01T14:30:39.573550,2026-07-01T20:04:24.307784,DELIVERED,True
TRN-PLAB-0032,ASH-P-2026-032,PROCESSOR_TO_LAB,PROC-002,LAB-004,VEH-008,TRN-004,2026-07-04T12:25:21.900976,2026-07-04T14:45:30.048447,DELIVERED,True
TRN-PLAB-0033,ASH-P-2026-033,PROCESSOR_TO_LAB,PROC-003,LAB-001,VEH-009,TRN-001,2026-07-08T14:00:01.126890,2026-07-08T15:53:11.897199,DELIVERED,True
TRN-PLAB-0034,ASH-P-2026-034,PROCESSOR_TO_LAB,PROC-004,LAB-002,VEH-010,TRN-002,2026-07-11T15:28:15.918766,2026-07-11T16:48:58.244705,DELIVERED,True
TRN-PLAB-0035,ASH-P-2026-035,PROCESSOR_TO_LAB,PROC-005,LAB-003,VEH-011,TRN-003,2026-07-28T13:25:36.572372,2026-07-28T15:06:13.701069,DELIVERED,True
TRN-PLAB-0036,ASH-P-2026-036,PROCESSOR_TO_LAB,PROC-001,LAB-004,VEH-012,TRN-004,2026-07-19T14:07:41.324496,2026-07-19T17:18:41.924954,DELIVERED,True
TRN-PLAB-0037,ASH-P-2026-037,PROCESSOR_TO_LAB,PROC-002,LAB-001,VEH-001,TRN-001,2026-07-23T14:25:34.609362,2026-07-23T15:45:42.817521,DELIVERED,True
TRN-PLAB-0038,ASH-P-2026-038,PROCESSOR_TO_LAB,PROC-003,LAB-002,VEH-002,TRN-002,2026-07-26T16:07:05.357503,2026-07-26T18:13:11.800021,DELIVERED,True
TRN-PLAB-0039,ASH-P-2026-039,PROCESSOR_TO_LAB,PROC-004,LAB-003,VEH-003,TRN-003,2026-07-29T15:04:31.938224,2026-07-29T20:35:41.688956,DELIVERED,True
TRN-PLAB-0040,ASH-P-2026-040,PROCESSOR_TO_LAB,PROC-005,LAB-004,VEH-004,TRN-004,2026-08-02T15:30:55.508915,2026-08-02T16:33:09.851496,DELIVERED,True
TRN-PLAB-0041,ASH-P-2026-041,PROCESSOR_TO_LAB,PROC-001,LAB-001,VEH-005,TRN-001,2026-08-06T15:57:24.722734,2026-08-06T19:14:53.883857,DELIVERED,True
TRN-PLAB-0042,ASH-P-2026-042,PROCESSOR_TO_LAB,PROC-002,LAB-002,VEH-006,TRN-002,2026-08-04T14:54:29.653054,2026-08-04T18:08:13.078783,DELIVERED,True
TRN-PLAB-0043,ASH-P-2026-043,PROCESSOR_TO_LAB,PROC-003,LAB-003,VEH-007,TRN-003,2026-08-14T12:15:34.071500,2026-08-14T16:18:16.443051,DELIVERED,True
TRN-PLAB-0044,ASH-P-2026-044,PROCESSOR_TO_LAB,PROC-004,LAB-004,VEH-008,TRN-004,2026-08-17T16:54:10.522050,2026-08-17T21:30:35.441893,DELIVERED,True
TRN-PLAB-0045,ASH-P-2026-045,PROCESSOR_TO_LAB,PROC-005,LAB-001,VEH-009,TRN-001,2026-08-21T14:02:26.961588,2026-08-21T18:28:59.807701,DELIVERED,True
TRN-LM-0001,ASH-P-2026-001,LAB_TO_MANUFACTURER,LAB-001,MFG-001,VEH-001,TRN-001,2026-06-04T23:34:03.912886,2026-06-05T07:23:32.285743,DELIVERED,True
TRN-LM-0002,ASH-P-2026-002,LAB_TO_MANUFACTURER,LAB-002,MFG-002,VEH-002,TRN-002,2026-06-08T03:52:15.583872,2026-06-08T06:43:06.880124,DELIVERED,True
TRN-LM-0003,ASH-P-2026-003,LAB_TO_MANUFACTURER,LAB-003,MFG-003,VEH-003,TRN-003,2026-06-10T01:35:22.121850,2026-06-10T09:16:07.111905,DELIVERED,True
TRN-LM-0004,ASH-P-2026-004,LAB_TO_MANUFACTURER,LAB-004,MFG-004,VEH-004,TRN-004,2026-06-12T02:50:55.746350,2026-06-12T07:43:17.144023,DELIVERED,True
TRN-LM-0005,ASH-P-2026-005,LAB_TO_MANUFACTURER,LAB-001,MFG-005,VEH-005,TRN-001,2026-06-15T01:29:13.309102,2026-06-15T04:52:16.182457,DELIVERED,True
TRN-LM-0006,ASH-P-2026-006,LAB_TO_MANUFACTURER,LAB-002,MFG-001,VEH-006,TRN-002,2026-06-17T04:55:56.843935,2026-06-17T08:12:34.313332,DELIVERED,True
TRN-LM-0007,ASH-P-2026-007,LAB_TO_MANUFACTURER,LAB-003,MFG-002,VEH-007,TRN-003,2026-06-18T23:50:09.113434,2026-06-19T07:42:26.516113,DELIVERED,True
TRN-LM-0008,ASH-P-2026-008,LAB_TO_MANUFACTURER,LAB-004,MFG-003,VEH-008,TRN-004,2026-06-24T00:46:02.219121,2026-06-24T08:56:07.356631,DELIVERED,True
TRN-LM-0009,ASH-P-2026-009,LAB_TO_MANUFACTURER,LAB-001,MFG-004,VEH-009,TRN-001,2026-06-23T22:10:28.780517,2026-06-24T07:14:14.947756,DELIVERED,True
TRN-LM-0010,ASH-P-2026-010,LAB_TO_MANUFACTURER,LAB-002,MFG-005,VEH-010,TRN-002,2026-06-25T23:35:47.824187,2026-06-26T09:14:27.177201,DELIVERED,True
TRN-LM-0011,ASH-P-2026-011,LAB_TO_MANUFACTURER,LAB-003,MFG-001,VEH-011,TRN-003,2026-06-29T04:24:10.861612,2026-06-29T11:13:27.764555,DELIVERED,True
TRN-LM-0012,ASH-P-2026-012,LAB_TO_MANUFACTURER,LAB-004,MFG-002,VEH-012,TRN-004,2026-07-02T22:22:26.813201,2026-07-03T08:13:58.776184,DELIVERED,True
TRN-LM-0013,ASH-P-2026-013,LAB_TO_MANUFACTURER,LAB-001,MFG-003,VEH-001,TRN-001,2026-07-20T20:57:50.073353,2026-07-21T04:02:26.179635,DELIVERED,True
TRN-LM-0014,ASH-P-2026-014,LAB_TO_MANUFACTURER,LAB-002,MFG-004,VEH-002,TRN-002,2026-07-01T22:37:16.867689,2026-07-02T02:58:06.981311,DELIVERED,True
TRN-LM-0015,ASH-P-2026-015,LAB_TO_MANUFACTURER,LAB-003,MFG-005,VEH-003,TRN-003,2026-07-28T03:40:21.962911,2026-07-28T08:54:15.511963,DELIVERED,True
TRN-LM-0016,ASH-P-2026-016,LAB_TO_MANUFACTURER,LAB-004,MFG-001,VEH-004,TRN-004,2026-08-01T02:05:23.818084,2026-08-01T04:12:35.007517,DELIVERED,True
TRN-LM-0018,ASH-P-2026-018,LAB_TO_MANUFACTURER,LAB-002,MFG-003,VEH-006,TRN-002,2026-08-07T04:37:42.799161,2026-08-07T10:22:06.235712,DELIVERED,True
TRN-LM-0019,ASH-P-2026-019,LAB_TO_MANUFACTURER,LAB-003,MFG-004,VEH-007,TRN-003,2026-08-12T23:52:37.154918,2026-08-13T02:23:16.453908,DELIVERED,True
TRN-LM-0020,ASH-P-2026-020,LAB_TO_MANUFACTURER,LAB-004,MFG-005,VEH-008,TRN-004,2026-08-16T03:35:56.614201,2026-08-16T08:01:53.945908,DELIVERED,True
TRN-LM-0021,ASH-P-2026-021,LAB_TO_MANUFACTURER,LAB-001,MFG-001,VEH-009,TRN-001,2026-07-12T04:41:25.942263,2026-07-12T11:55:44.270252,DELIVERED,True
TRN-LM-0022,ASH-P-2026-022,LAB_TO_MANUFACTURER,LAB-002,MFG-002,VEH-010,TRN-002,2026-08-21T23:16:24.342186,2026-08-22T05:07:54.141354,DELIVERED,True
TRN-LM-0023,ASH-P-2026-023,LAB_TO_MANUFACTURER,LAB-003,MFG-003,VEH-011,TRN-003,2026-08-26T00:47:36.057713,2026-08-26T05:54:43.854431,DELIVERED,True
TRN-LM-0024,ASH-P-2026-024,LAB_TO_MANUFACTURER,LAB-004,MFG-004,VEH-012,TRN-004,2026-06-06T04:18:58.441613,2026-06-06T07:30:11.889504,DELIVERED,True
TRN-LM-0025,ASH-P-2026-025,LAB_TO_MANUFACTURER,LAB-001,MFG-005,VEH-001,TRN-001,2026-06-09T02:10:07.750779,2026-06-09T12:07:20.554531,DELIVERED,True
TRN-LM-0026,ASH-P-2026-026,LAB_TO_MANUFACTURER,LAB-002,MFG-001,VEH-002,TRN-002,2026-06-13T02:31:07.207941,2026-06-13T12:17:47.735079,DELIVERED,True
TRN-LM-0027,ASH-P-2026-027,LAB_TO_MANUFACTURER,LAB-003,MFG-002,VEH-003,TRN-003,2026-06-17T08:16:33.153132,2026-06-17T13:39:27.897516,DELIVERED,True
TRN-LM-0028,ASH-P-2026-028,LAB_TO_MANUFACTURER,LAB-004,MFG-003,VEH-004,TRN-004,2026-07-19T00:26:36.468379,2026-07-19T10:03:24.188028,DELIVERED,True
TRN-LM-0029,ASH-P-2026-029,LAB_TO_MANUFACTURER,LAB-001,MFG-004,VEH-005,TRN-001,2026-06-24T00:51:36.430002,2026-06-24T03:31:49.462391,DELIVERED,True
TRN-LM-0030,ASH-P-2026-030,LAB_TO_MANUFACTURER,LAB-002,MFG-005,VEH-006,TRN-002,2026-06-28T01:21:01.358063,2026-06-28T09:42:24.988211,DELIVERED,True
TRN-LM-0032,ASH-P-2026-032,LAB_TO_MANUFACTURER,LAB-004,MFG-002,VEH-008,TRN-004,2026-07-04T21:54:35.653069,2026-07-05T05:51:08.465909,DELIVERED,True
TRN-LM-0033,ASH-P-2026-033,LAB_TO_MANUFACTURER,LAB-001,MFG-003,VEH-009,TRN-001,2026-07-08T23:27:56.973611,2026-07-09T04:47:05.307929,DELIVERED,True
TRN-LM-0034,ASH-P-2026-034,LAB_TO_MANUFACTURER,LAB-002,MFG-004,VEH-010,TRN-002,2026-07-12T01:42:53.209501,2026-07-12T09:34:53.723320,DELIVERED,True
TRN-LM-0035,ASH-P-2026-035,LAB_TO_MANUFACTURER,LAB-003,MFG-005,VEH-011,TRN-003,2026-07-28T23:20:18.422003,2026-07-29T07:44:48.360373,DELIVERED,True
TRN-LM-0036,ASH-P-2026-036,LAB_TO_MANUFACTURER,LAB-004,MFG-001,VEH-012,TRN-004,2026-07-20T03:03:04.261558,2026-07-20T08:55:20.691352,DELIVERED,True
TRN-LM-0037,ASH-P-2026-037,LAB_TO_MANUFACTURER,LAB-001,MFG-002,VEH-001,TRN-001,2026-07-23T22:26:38.195797,2026-07-24T05:47:56.908326,DELIVERED,True
TRN-LM-0038,ASH-P-2026-038,LAB_TO_MANUFACTURER,LAB-002,MFG-003,VEH-002,TRN-002,2026-07-27T00:56:42.105846,2026-07-27T10:32:53.388571,DELIVERED,True
TRN-LM-0039,ASH-P-2026-039,LAB_TO_MANUFACTURER,LAB-003,MFG-004,VEH-003,TRN-003,2026-07-30T03:30:23.160896,2026-07-30T07:27:18.045520,DELIVERED,True
TRN-LM-0040,ASH-P-2026-040,LAB_TO_MANUFACTURER,LAB-004,MFG-005,VEH-004,TRN-004,2026-08-03T02:25:01.872368,2026-08-03T07:42:11.110778,DELIVERED,True
TRN-LM-0041,ASH-P-2026-041,LAB_TO_MANUFACTURER,LAB-001,MFG-001,VEH-005,TRN-001,2026-08-07T03:39:20.025311,2026-08-07T08:07:52.806001,DELIVERED,True
TRN-LM-0043,ASH-P-2026-043,LAB_TO_MANUFACTURER,LAB-003,MFG-003,VEH-007,TRN-003,2026-08-14T22:57:44.503911,2026-08-15T07:31:11.052802,DELIVERED,True
TRN-LM-0044,ASH-P-2026-044,LAB_TO_MANUFACTURER,LAB-004,MFG-004,VEH-008,TRN-004,2026-08-18T06:03:25.692109,2026-08-18T11:31:34.330237,DELIVERED,True
TRN-LM-0045,ASH-P-2026-045,LAB_TO_MANUFACTURER,LAB-001,MFG-005,VEH-009,TRN-001,2026-08-22T01:29:59.855645,2026-08-22T08:48:17.974073,DELIVERED,True
